This is XeTeX, Version 3.141592653-2.6-0.999998 (TeX Live 2026) (preloaded format=xelatex 2026.6.10)  10 JUN 2026 17:23
entering extended mode
 restricted \write18 enabled.
 file:line:error style messages enabled.
 %&-line parsing enabled.
**"/Users/mac/Desktop/基于稀疏注意力增强 HDP 与 QLoRA 微调大模型的情感/论文/main.tex"
(/Users/mac/Desktop/基于稀疏注意力增强 HDP 与 QLoRA 微调大模型的情感/论文/main.tex
LaTeX2e <2026-06-01>
L3 programming layer <2026-05-26>
(/usr/local/texlive/2026/texmf-dist/tex/latex/ctex/ctexbook.cls (/usr/local/texlive/2026/texmf-dist/tex/latex/ctex/config/ctexbackend.cfg
File: ctexbackend.cfg 2022/07/14 v2.5.10 Backend configuration file (CTEX)
) (/usr/local/texlive/2026/texmf-dist/tex/latex/l3kernel/expl3.sty
Package: expl3 2026-05-26 L3 programming layer (loader) 
 (/usr/local/texlive/2026/texmf-dist/tex/latex/l3backend/l3backend-xetex.def
File: l3backend-xetex.def 2026-02-18 L3 backend support: XeTeX
\g__graphics_track_int=\count273
\g__pdfannot_backend_int=\count274
\g__pdfannot_backend_link_int=\count275
))
Document Class: ctexbook 2022/07/14 v2.5.10 Chinese adapter for class book (CTEX)
(/usr/local/texlive/2026/texmf-dist/tex/latex/ctex/ctexhook.sty
Package: ctexhook 2022/07/14 v2.5.10 Document and package hooks (CTEX)
) (/usr/local/texlive/2026/texmf-dist/tex/latex/ctex/ctexpatch.sty
Package: ctexpatch 2022/07/14 v2.5.10 Patching commands (CTEX)
) (/usr/local/texlive/2026/texmf-dist/tex/latex/base/fix-cm.sty
Package: fix-cm 2020/11/24 v1.1t fixes to LaTeX
 (/usr/local/texlive/2026/texmf-dist/tex/latex/base/ts1enc.def
File: ts1enc.def 2001/06/05 v3.0e (jk/car/fm) Standard LaTeX file
LaTeX Font Info:    Redeclaring font encoding TS1 on input line 47.
LaTeX Encoding Info:    Redeclaring text command \capitalcedilla (encoding TS1) on input line 49.
LaTeX Encoding Info:    Redeclaring text command \capitalogonek (encoding TS1) on input line 52.
LaTeX Encoding Info:    Redeclaring text command \capitalgrave (encoding TS1) on input line 55.
LaTeX Encoding Info:    Redeclaring text command \capitalacute (encoding TS1) on input line 56.
LaTeX Encoding Info:    Redeclaring text command \capitalcircumflex (encoding TS1) on input line 57.
LaTeX Encoding Info:    Redeclaring text command \capitaltilde (encoding TS1) on input line 58.
LaTeX Encoding Info:    Redeclaring text command \capitaldieresis (encoding TS1) on input line 59.
LaTeX Encoding Info:    Redeclaring text command \capitalhungarumlaut (encoding TS1) on input line 60.
LaTeX Encoding Info:    Redeclaring text command \capitalring (encoding TS1) on input line 61.
LaTeX Encoding Info:    Redeclaring text command \capitalcaron (encoding TS1) on input line 62.
LaTeX Encoding Info:    Redeclaring text command \capitalbreve (encoding TS1) on input line 63.
LaTeX Encoding Info:    Redeclaring text command \capitalmacron (encoding TS1) on input line 64.
LaTeX Encoding Info:    Redeclaring text command \capitaldotaccent (encoding TS1) on input line 65.
LaTeX Encoding Info:    Redeclaring text command \t (encoding TS1) on input line 66.
LaTeX Encoding Info:    Redeclaring text command \capitaltie (encoding TS1) on input line 67.
LaTeX Encoding Info:    Redeclaring text command \newtie (encoding TS1) on input line 68.
LaTeX Encoding Info:    Redeclaring text command \capitalnewtie (encoding TS1) on input line 69.
LaTeX Encoding Info:    Redeclaring text symbol \textcapitalcompwordmark (encoding TS1) on input line 70.
LaTeX Encoding Info:    Redeclaring text symbol \textascendercompwordmark (encoding TS1) on input line 71.
LaTeX Encoding Info:    Redeclaring text symbol \textquotestraightbase (encoding TS1) on input line 72.
LaTeX Encoding Info:    Redeclaring text symbol \textquotestraightdblbase (encoding TS1) on input line 73.
LaTeX Encoding Info:    Redeclaring text symbol \texttwelveudash (encoding TS1) on input line 74.
LaTeX Encoding Info:    Redeclaring text symbol \textthreequartersemdash (encoding TS1) on input line 75.
LaTeX Encoding Info:    Redeclaring text symbol \textleftarrow (encoding TS1) on input line 76.
LaTeX Encoding Info:    Redeclaring text symbol \textrightarrow (encoding TS1) on input line 77.
LaTeX Encoding Info:    Redeclaring text symbol \textblank (encoding TS1) on input line 78.
LaTeX Encoding Info:    Redeclaring text symbol \textdollar (encoding TS1) on input line 79.
LaTeX Encoding Info:    Redeclaring text symbol \textquotesingle (encoding TS1) on input line 80.
LaTeX Encoding Info:    Redeclaring text command \textasteriskcentered (encoding TS1) on input line 81.
LaTeX Encoding Info:    Redeclaring text symbol \textdblhyphen (encoding TS1) on input line 92.
LaTeX Encoding Info:    Redeclaring text symbol \textfractionsolidus (encoding TS1) on input line 93.
LaTeX Encoding Info:    Redeclaring text symbol \textzerooldstyle (encoding TS1) on input line 94.
LaTeX Encoding Info:    Redeclaring text symbol \textoneoldstyle (encoding TS1) on input line 95.
LaTeX Encoding Info:    Redeclaring text symbol \texttwooldstyle (encoding TS1) on input line 96.
LaTeX Encoding Info:    Redeclaring text symbol \textthreeoldstyle (encoding TS1) on input line 97.
LaTeX Encoding Info:    Redeclaring text symbol \textfouroldstyle (encoding TS1) on input line 98.
LaTeX Encoding Info:    Redeclaring text symbol \textfiveoldstyle (encoding TS1) on input line 99.
LaTeX Encoding Info:    Redeclaring text symbol \textsixoldstyle (encoding TS1) on input line 100.
LaTeX Encoding Info:    Redeclaring text symbol \textsevenoldstyle (encoding TS1) on input line 101.
LaTeX Encoding Info:    Redeclaring text symbol \texteightoldstyle (encoding TS1) on input line 102.
LaTeX Encoding Info:    Redeclaring text symbol \textnineoldstyle (encoding TS1) on input line 103.
LaTeX Encoding Info:    Redeclaring text symbol \textlangle (encoding TS1) on input line 104.
LaTeX Encoding Info:    Redeclaring text symbol \textminus (encoding TS1) on input line 105.
LaTeX Encoding Info:    Redeclaring text symbol \textrangle (encoding TS1) on input line 106.
LaTeX Encoding Info:    Redeclaring text symbol \textmho (encoding TS1) on input line 107.
LaTeX Encoding Info:    Redeclaring text symbol \textbigcircle (encoding TS1) on input line 108.
LaTeX Encoding Info:    Redeclaring text command \textcircled (encoding TS1) on input line 109.
LaTeX Encoding Info:    Redeclaring text symbol \textohm (encoding TS1) on input line 115.
LaTeX Encoding Info:    Redeclaring text symbol \textlbrackdbl (encoding TS1) on input line 116.
LaTeX Encoding Info:    Redeclaring text symbol \textrbrackdbl (encoding TS1) on input line 117.
LaTeX Encoding Info:    Redeclaring text symbol \textuparrow (encoding TS1) on input line 118.
LaTeX Encoding Info:    Redeclaring text symbol \textdownarrow (encoding TS1) on input line 119.
LaTeX Encoding Info:    Redeclaring text symbol \textasciigrave (encoding TS1) on input line 120.
LaTeX Encoding Info:    Redeclaring text symbol \textborn (encoding TS1) on input line 121.
LaTeX Encoding Info:    Redeclaring text symbol \textdivorced (encoding TS1) on input line 122.
LaTeX Encoding Info:    Redeclaring text symbol \textdied (encoding TS1) on input line 123.
LaTeX Encoding Info:    Redeclaring text symbol \textleaf (encoding TS1) on input line 124.
LaTeX Encoding Info:    Redeclaring text symbol \textmarried (encoding TS1) on input line 125.
LaTeX Encoding Info:    Redeclaring text symbol \textmusicalnote (encoding TS1) on input line 126.
LaTeX Encoding Info:    Redeclaring text symbol \texttildelow (encoding TS1) on input line 127.
LaTeX Encoding Info:    Redeclaring text symbol \textdblhyphenchar (encoding TS1) on input line 128.
LaTeX Encoding Info:    Redeclaring text symbol \textasciibreve (encoding TS1) on input line 129.
LaTeX Encoding Info:    Redeclaring text symbol \textasciicaron (encoding TS1) on input line 130.
LaTeX Encoding Info:    Redeclaring text symbol \textacutedbl (encoding TS1) on input line 131.
LaTeX Encoding Info:    Redeclaring text symbol \textgravedbl (encoding TS1) on input line 132.
LaTeX Encoding Info:    Redeclaring text symbol \textdagger (encoding TS1) on input line 133.
LaTeX Encoding Info:    Redeclaring text symbol \textdaggerdbl (encoding TS1) on input line 134.
LaTeX Encoding Info:    Redeclaring text symbol \textbardbl (encoding TS1) on input line 135.
LaTeX Encoding Info:    Redeclaring text symbol \textperthousand (encoding TS1) on input line 136.
LaTeX Encoding Info:    Redeclaring text symbol \textbullet (encoding TS1) on input line 137.
LaTeX Encoding Info:    Redeclaring text symbol \textcelsius (encoding TS1) on input line 138.
LaTeX Encoding Info:    Redeclaring text symbol \textdollaroldstyle (encoding TS1) on input line 139.
LaTeX Encoding Info:    Redeclaring text symbol \textcentoldstyle (encoding TS1) on input line 140.
LaTeX Encoding Info:    Redeclaring text symbol \textflorin (encoding TS1) on input line 141.
LaTeX Encoding Info:    Redeclaring text symbol \textcolonmonetary (encoding TS1) on input line 142.
LaTeX Encoding Info:    Redeclaring text symbol \textwon (encoding TS1) on input line 143.
LaTeX Encoding Info:    Redeclaring text symbol \textnaira (encoding TS1) on input line 144.
LaTeX Encoding Info:    Redeclaring text symbol \textguarani (encoding TS1) on input line 145.
LaTeX Encoding Info:    Redeclaring text symbol \textpeso (encoding TS1) on input line 146.
LaTeX Encoding Info:    Redeclaring text symbol \textlira (encoding TS1) on input line 147.
LaTeX Encoding Info:    Redeclaring text symbol \textrecipe (encoding TS1) on input line 148.
LaTeX Encoding Info:    Redeclaring text symbol \textinterrobang (encoding TS1) on input line 149.
LaTeX Encoding Info:    Redeclaring text symbol \textinterrobangdown (encoding TS1) on input line 150.
LaTeX Encoding Info:    Redeclaring text symbol \textdong (encoding TS1) on input line 151.
LaTeX Encoding Info:    Redeclaring text symbol \texttrademark (encoding TS1) on input line 152.
LaTeX Encoding Info:    Redeclaring text symbol \textpertenthousand (encoding TS1) on input line 153.
LaTeX Encoding Info:    Redeclaring text symbol \textpilcrow (encoding TS1) on input line 154.
LaTeX Encoding Info:    Redeclaring text symbol \textbaht (encoding TS1) on input line 155.
LaTeX Encoding Info:    Redeclaring text symbol \textnumero (encoding TS1) on input line 156.
LaTeX Encoding Info:    Redeclaring text symbol \textdiscount (encoding TS1) on input line 157.
LaTeX Encoding Info:    Redeclaring text symbol \textestimated (encoding TS1) on input line 158.
LaTeX Encoding Info:    Redeclaring text symbol \textopenbullet (encoding TS1) on input line 159.
LaTeX Encoding Info:    Redeclaring text symbol \textservicemark (encoding TS1) on input line 160.
LaTeX Encoding Info:    Redeclaring text symbol \textlquill (encoding TS1) on input line 161.
LaTeX Encoding Info:    Redeclaring text symbol \textrquill (encoding TS1) on input line 162.
LaTeX Encoding Info:    Redeclaring text symbol \textcent (encoding TS1) on input line 163.
LaTeX Encoding Info:    Redeclaring text symbol \textsterling (encoding TS1) on input line 164.
LaTeX Encoding Info:    Redeclaring text symbol \textcurrency (encoding TS1) on input line 165.
LaTeX Encoding Info:    Redeclaring text symbol \textyen (encoding TS1) on input line 166.
LaTeX Encoding Info:    Redeclaring text symbol \textbrokenbar (encoding TS1) on input line 167.
LaTeX Encoding Info:    Redeclaring text symbol \textsection (encoding TS1) on input line 168.
LaTeX Encoding Info:    Redeclaring text symbol \textasciidieresis (encoding TS1) on input line 169.
LaTeX Encoding Info:    Redeclaring text symbol \textcopyright (encoding TS1) on input line 170.
LaTeX Encoding Info:    Redeclaring text symbol \textordfeminine (encoding TS1) on input line 171.
LaTeX Encoding Info:    Redeclaring text symbol \textcopyleft (encoding TS1) on input line 172.
LaTeX Encoding Info:    Redeclaring text symbol \textlnot (encoding TS1) on input line 173.
LaTeX Encoding Info:    Redeclaring text symbol \textcircledP (encoding TS1) on input line 174.
LaTeX Encoding Info:    Redeclaring text symbol \textregistered (encoding TS1) on input line 175.
LaTeX Encoding Info:    Redeclaring text symbol \textasciimacron (encoding TS1) on input line 176.
LaTeX Encoding Info:    Redeclaring text symbol \textdegree (encoding TS1) on input line 177.
LaTeX Encoding Info:    Redeclaring text symbol \textpm (encoding TS1) on input line 178.
LaTeX Encoding Info:    Redeclaring text symbol \texttwosuperior (encoding TS1) on input line 179.
LaTeX Encoding Info:    Redeclaring text symbol \textthreesuperior (encoding TS1) on input line 180.
LaTeX Encoding Info:    Redeclaring text symbol \textasciiacute (encoding TS1) on input line 181.
LaTeX Encoding Info:    Redeclaring text symbol \textmu (encoding TS1) on input line 182.
LaTeX Encoding Info:    Redeclaring text symbol \textparagraph (encoding TS1) on input line 183.
LaTeX Encoding Info:    Redeclaring text symbol \textperiodcentered (encoding TS1) on input line 184.
LaTeX Encoding Info:    Redeclaring text symbol \textreferencemark (encoding TS1) on input line 185.
LaTeX Encoding Info:    Redeclaring text symbol \textonesuperior (encoding TS1) on input line 186.
LaTeX Encoding Info:    Redeclaring text symbol \textordmasculine (encoding TS1) on input line 187.
LaTeX Encoding Info:    Redeclaring text symbol \textsurd (encoding TS1) on input line 188.
LaTeX Encoding Info:    Redeclaring text symbol \textonequarter (encoding TS1) on input line 189.
LaTeX Encoding Info:    Redeclaring text symbol \textonehalf (encoding TS1) on input line 190.
LaTeX Encoding Info:    Redeclaring text symbol \textthreequarters (encoding TS1) on input line 191.
LaTeX Encoding Info:    Redeclaring text symbol \texteuro (encoding TS1) on input line 192.
LaTeX Encoding Info:    Redeclaring text symbol \texttimes (encoding TS1) on input line 193.
LaTeX Encoding Info:    Redeclaring text symbol \textdiv (encoding TS1) on input line 194.
))
\l__ctex_tmp_int=\count276
\l__ctex_tmp_box=\box53
\l__ctex_tmp_dim=\dimen150
\g__ctex_section_depth_int=\count277
\g__ctex_font_size_int=\count278
 (/usr/local/texlive/2026/texmf-dist/tex/latex/ctex/config/ctexopts.cfg
File: ctexopts.cfg 2022/07/14 v2.5.10 Option configuration file (CTEX)
)

Class ctexbook Warning: Option `fancyhdr' is deprecated.
(ctexbook)              `fancyhdr' package is loaded.

(/usr/local/texlive/2026/texmf-dist/tex/latex/base/book.cls
Document Class: book 2025/01/22 v1.4n Standard LaTeX document class
(/usr/local/texlive/2026/texmf-dist/tex/latex/base/bk12.clo
File: bk12.clo 2025/01/22 v1.4n Standard LaTeX file (size option)
)
\c@part=\count279
\c@chapter=\count280
\c@section=\count281
\c@subsection=\count282
\c@subsubsection=\count283
\c@paragraph=\count284
\c@subparagraph=\count285
\c@figure=\count286
\c@table=\count287
\abovecaptionskip=\skip49
\belowcaptionskip=\skip50
\bibindent=\dimen151
) (/usr/local/texlive/2026/texmf-dist/tex/latex/ctex/engine/ctex-engine-xetex.def
File: ctex-engine-xetex.def 2022/07/14 v2.5.10 XeLaTeX adapter (CTEX)
 (/usr/local/texlive/2026/texmf-dist/tex/xelatex/xecjk/xeCJK.sty
Package: xeCJK 2022/08/05 v3.9.1 Typesetting CJK scripts with XeLaTeX
 (/usr/local/texlive/2026/texmf-dist/tex/latex/l3packages/xtemplate/xtemplate.sty
Package: xtemplate 2025-10-09 L3 Experimental prototype document functions
)
\l__xeCJK_tmp_int=\count288
\l__xeCJK_tmp_box=\box54
\l__xeCJK_tmp_dim=\dimen152
\l__xeCJK_tmp_skip=\skip51
\g__xeCJK_space_factor_int=\count289
\l__xeCJK_begin_int=\count290
\l__xeCJK_end_int=\count291
\c__xeCJK_CJK_class_int=\XeTeXcharclass1
\c__xeCJK_FullLeft_class_int=\XeTeXcharclass2
\c__xeCJK_FullRight_class_int=\XeTeXcharclass3
\c__xeCJK_HalfLeft_class_int=\XeTeXcharclass4
\c__xeCJK_HalfRight_class_int=\XeTeXcharclass5
\c__xeCJK_NormalSpace_class_int=\XeTeXcharclass6
\c__xeCJK_CM_class_int=\XeTeXcharclass7
\c__xeCJK_HangulJamo_class_int=\XeTeXcharclass8
\l__xeCJK_last_skip=\skip52
\c__xeCJK_none_node=\count292
\g__xeCJK_node_int=\count293
\c__xeCJK_CJK_node_dim=\dimen153
\c__xeCJK_CJK-space_node_dim=\dimen154
\c__xeCJK_default_node_dim=\dimen155
\c__xeCJK_CJK-widow_node_dim=\dimen156
\c__xeCJK_normalspace_node_dim=\dimen157
\c__xeCJK_default-space_node_skip=\skip53
\l__xeCJK_ccglue_skip=\skip54
\l__xeCJK_ecglue_skip=\skip55
\l__xeCJK_punct_kern_skip=\skip56
\l__xeCJK_indent_box=\box55
\l__xeCJK_last_penalty_int=\count294
\l__xeCJK_last_bound_dim=\dimen158
\l__xeCJK_last_kern_dim=\dimen159
\l__xeCJK_widow_penalty_int=\count295

LaTeX template Info: Declaring template type 'xeCJK/punctuation' taking 0
(template)           argument(s) on line 2396.

\l__xeCJK_fixed_punct_width_dim=\dimen160
\l__xeCJK_mixed_punct_width_dim=\dimen161
\l__xeCJK_middle_punct_width_dim=\dimen162
\l__xeCJK_fixed_margin_width_dim=\dimen163
\l__xeCJK_mixed_margin_width_dim=\dimen164
\l__xeCJK_middle_margin_width_dim=\dimen165
\l__xeCJK_bound_punct_width_dim=\dimen166
\l__xeCJK_bound_margin_width_dim=\dimen167
\l__xeCJK_margin_minimum_dim=\dimen168
\l__xeCJK_kerning_total_width_dim=\dimen169
\l__xeCJK_same_align_margin_dim=\dimen170
\l__xeCJK_different_align_margin_dim=\dimen171
\l__xeCJK_kerning_margin_width_dim=\dimen172
\l__xeCJK_kerning_margin_minimum_dim=\dimen173
\l__xeCJK_bound_dim=\dimen174
\l__xeCJK_reverse_bound_dim=\dimen175
\l__xeCJK_margin_dim=\dimen176
\l__xeCJK_minimum_bound_dim=\dimen177
\l__xeCJK_kerning_margin_dim=\dimen178
\g__xeCJK_family_int=\count296
\l__xeCJK_fam_int=\count297
\g__xeCJK_fam_allocation_int=\count298
\l__xeCJK_verb_case_int=\count299
\l__xeCJK_verb_exspace_skip=\skip57
 (/usr/local/texlive/2026/texmf-dist/tex/latex/fontspec/fontspec.sty (/usr/local/texlive/2026/texmf-dist/tex/latex/l3packages/xparse/xparse.sty
Package: xparse 2025-10-09 L3 Experimental document command parser
)
Package: fontspec 2025/09/29 v2.9g Font selection for XeLaTeX and LuaLaTeX
 (/usr/local/texlive/2026/texmf-dist/tex/latex/fontspec/fontspec-xetex.sty
Package: fontspec-xetex 2025/09/29 v2.9g Font selection for XeLaTeX and LuaLaTeX
\l__fontspec_script_int=\count300
\l__fontspec_language_int=\count301
\l__fontspec_strnum_int=\count302
\l__fontspec_tmp_int=\count303
\l__fontspec_tmpa_int=\count304
\l__fontspec_tmpb_int=\count305
\l__fontspec_tmpc_int=\count306
\l__fontspec_em_int=\count307
\l__fontspec_emdef_int=\count308
\l__fontspec_strong_int=\count309
\l__fontspec_strongdef_int=\count310
\l__fontspec_tmpa_dim=\dimen179
\l__fontspec_tmpb_dim=\dimen180
\l__fontspec_tmpc_dim=\dimen181
 (/usr/local/texlive/2026/texmf-dist/tex/latex/base/fontenc.sty
Package: fontenc 2025/07/18 v2.1d Standard LaTeX package
) (/usr/local/texlive/2026/texmf-dist/tex/latex/fontspec/fontspec.cfg))) (/usr/local/texlive/2026/texmf-dist/tex/xelatex/xecjk/xeCJK.cfg
File: xeCJK.cfg 2022/08/05 v3.9.1 Configuration file for xeCJK package
))
\ccwd=\dimen182
\l__ctex_ccglue_skip=\skip58
)
\l__ctex_ziju_dim=\dimen183
 (/usr/local/texlive/2026/texmf-dist/tex/latex/zhnumber/zhnumber.sty
Package: zhnumber 2022/07/14 v3.0 Typesetting numbers with Chinese glyphs
\l__zhnum_scale_int=\count311
\l__zhnum_tmp_int=\count312
 (/usr/local/texlive/2026/texmf-dist/tex/latex/zhnumber/zhnumber-utf8.cfg
File: zhnumber-utf8.cfg 2022/07/14 v3.0 Chinese numerals with UTF8 encoding
))
\l__ctex_heading_skip=\skip59
 (/usr/local/texlive/2026/texmf-dist/tex/latex/ctex/scheme/ctex-scheme-chinese-book.def
File: ctex-scheme-chinese-book.def 2022/07/14 v2.5.10 Chinese scheme for book (CTEX)
 (/usr/local/texlive/2026/texmf-dist/tex/latex/ctex/config/ctex-name-utf8.cfg
File: ctex-name-utf8.cfg 2022/07/14 v2.5.10 Caption with encoding UTF-8 (CTEX)
)) (/usr/local/texlive/2026/texmf-dist/tex/latex/ctex/fontset/ctex-fontset-mac.def
File: ctex-fontset-mac.def 2022/07/14 v2.5.10 macOS fonts definition (CTEX)
 (/usr/local/texlive/2026/texmf-dist/tex/latex/ctex/fontset/ctex-fontset-macold.def
File: ctex-fontset-macold.def 2022/07/14 v2.5.10 macOS fonts definition for Yosemite or earlier version (CTEX)

Package fontspec Info: 
(fontspec)             Script 'CJK' not explicitly supported within font
(fontspec)             'STSong'. Check the typeset output, and if it is okay
(fontspec)             then ignore this warning. Otherwise a different font
(fontspec)             should be chosen.


Package fontspec Info: 
(fontspec)             Could not resolve font "STKaiti/B" (it probably doesn't
(fontspec)             exist).


Package fontspec Info: 
(fontspec)             Could not resolve font "STHeiti/I" (it probably doesn't
(fontspec)             exist).


Package fontspec Info: 
(fontspec)             Could not resolve font "STSong/BI" (it probably doesn't
(fontspec)             exist).


Package fontspec Info: 
(fontspec)             Font family 'STSong(0)' created for font 'STSong' with
(fontspec)             options
(fontspec)             [Script={CJK},BoldFont={STHeiti},ItalicFont={STKaiti}].
(fontspec)              
(fontspec)              This font family consists of the following NFSS
(fontspec)             series/shapes:
(fontspec)              
(fontspec)             - 'normal' (m/n) with NFSS spec.:
(fontspec)             <->"STSong/OT:script=hani;language=dflt;"
(fontspec)             - 'bold' (b/n) with NFSS spec.:
(fontspec)             <->"STHeiti/OT:script=hani;language=dflt;"
(fontspec)             - 'italic' (m/it) with NFSS spec.:
(fontspec)             <->"STKaiti/OT:script=hani;language=dflt;"

))) (/usr/local/texlive/2026/texmf-dist/tex/latex/fancyhdr/fancyhdr.sty
Package: fancyhdr 2025/02/07 v5.2 Extensive control of page headers and footers
\f@nch@headwidth=\skip60
\f@nch@offset@elh=\skip61
\f@nch@offset@erh=\skip62
\f@nch@offset@olh=\skip63
\f@nch@offset@orh=\skip64
\f@nch@offset@elf=\skip65
\f@nch@offset@erf=\skip66
\f@nch@offset@olf=\skip67
\f@nch@offset@orf=\skip68
\f@nch@height=\skip69
\f@nch@footalignment=\skip70
\f@nch@widthL=\skip71
\f@nch@widthC=\skip72
\f@nch@widthR=\skip73
\@temptokenb=\toks17
) (/usr/local/texlive/2026/texmf-dist/tex/latex/ctex/config/ctex.cfg
File: ctex.cfg 2022/07/14 v2.5.10 Configuration file (CTEX)
) (./format/format.tex (/usr/local/texlive/2026/texmf-dist/tex/latex/hyperref/hyperref.sty
Package: hyperref 2026-04-24 v7.01q Hypertext links for LaTeX
 (/usr/local/texlive/2026/texmf-dist/tex/generic/iftex/iftex.sty
Package: iftex 2024/12/12 v1.0g TeX engine tests
) (/usr/local/texlive/2026/texmf-dist/tex/latex/graphics/keyval.sty
Package: keyval 2026-05-17 v1.15 key=value parser (DPC)
\KV@toks@=\toks18
) (/usr/local/texlive/2026/texmf-dist/tex/latex/kvsetkeys/kvsetkeys.sty
Package: kvsetkeys 2022-10-05 v1.19 Key value parser (HO)
) (/usr/local/texlive/2026/texmf-dist/tex/generic/kvdefinekeys/kvdefinekeys.sty
Package: kvdefinekeys 2019-12-19 v1.6 Define keys (HO)
) (/usr/local/texlive/2026/texmf-dist/tex/generic/pdfescape/pdfescape.sty
Package: pdfescape 2019/12/09 v1.15 Implements pdfTeX's escape features (HO)
 (/usr/local/texlive/2026/texmf-dist/tex/generic/ltxcmds/ltxcmds.sty
Package: ltxcmds 2023-12-04 v1.26 LaTeX kernel commands for general use (HO)
) (/usr/local/texlive/2026/texmf-dist/tex/generic/pdftexcmds/pdftexcmds.sty
Package: pdftexcmds 2020-06-27 v0.33 Utility functions of pdfTeX for LuaTeX (HO)
 (/usr/local/texlive/2026/texmf-dist/tex/generic/infwarerr/infwarerr.sty
Package: infwarerr 2019/12/03 v1.5 Providing info/warning/error messages (HO)
)
Package pdftexcmds Info: \pdf@primitive is available.
Package pdftexcmds Info: \pdf@ifprimitive is available.
Package pdftexcmds Info: \pdfdraftmode not found.
)) (/usr/local/texlive/2026/texmf-dist/tex/latex/hycolor/hycolor.sty
Package: hycolor 2020-01-27 v1.10 Color options for hyperref/bookmark (HO)
) (/usr/local/texlive/2026/texmf-dist/tex/latex/hyperref/nameref.sty
Package: nameref 2026-01-29 v2.58 Cross-referencing by name of section
 (/usr/local/texlive/2026/texmf-dist/tex/latex/refcount/refcount.sty
Package: refcount 2019/12/15 v3.6 Data extraction from label references (HO)
) (/usr/local/texlive/2026/texmf-dist/tex/generic/gettitlestring/gettitlestring.sty
Package: gettitlestring 2019/12/15 v1.6 Cleanup title references (HO)
 (/usr/local/texlive/2026/texmf-dist/tex/latex/kvoptions/kvoptions.sty
Package: kvoptions 2022-06-15 v3.15 Key value format for package options (HO)
))
\c@section@level=\count313
) (/usr/local/texlive/2026/texmf-dist/tex/latex/etoolbox/etoolbox.sty
Package: etoolbox 2025/10/02 v2.5m e-TeX tools for LaTeX (JAW)
\etb@tempcnta=\count314
) (/usr/local/texlive/2026/texmf-dist/tex/generic/stringenc/stringenc.sty
Package: stringenc 2019/11/29 v1.12 Convert strings between diff. encodings (HO)
)
\@linkdim=\dimen184
\Hy@linkcounter=\count315
\Hy@pagecounter=\count316
 (/usr/local/texlive/2026/texmf-dist/tex/latex/hyperref/pd1enc.def
File: pd1enc.def 2026-04-24 v7.01q Hyperref: PDFDocEncoding definition (HO)
) (/usr/local/texlive/2026/texmf-dist/tex/generic/intcalc/intcalc.sty
Package: intcalc 2019/12/15 v1.3 Expandable calculations with integers (HO)
)
\Hy@SavedSpaceFactor=\count317
 (/usr/local/texlive/2026/texmf-dist/tex/latex/hyperref/puenc.def
File: puenc.def 2026-04-24 v7.01q Hyperref: PDF Unicode definition (HO)
)
Package hyperref Info: Option `unicode' set `true' on input line 4070.
Package hyperref Info: Option `CJKbookmarks' set `true' on input line 4070.
Package hyperref Info: Option `colorlinks' set `true' on input line 4070.
Package hyperref Info: Hyper figures OFF on input line 4199.
Package hyperref Info: Link nesting OFF on input line 4204.
Package hyperref Info: Hyper index ON on input line 4207.
Package hyperref Info: Plain pages OFF on input line 4214.
Package hyperref Info: Backreferencing OFF on input line 4219.
Package hyperref Info: Implicit mode ON; LaTeX internals redefined.
Package hyperref Info: Bookmarks ON on input line 4466.
\c@Hy@tempcnt=\count318
 (/usr/local/texlive/2026/texmf-dist/tex/latex/url/url.sty
\Urlmuskip=\muskip17
Package: url 2013/09/16  ver 3.4  Verb mode for urls, etc.
)
LaTeX Info: Redefining \url on input line 4805.
\XeTeXLinkMargin=\dimen185
 (/usr/local/texlive/2026/texmf-dist/tex/generic/bitset/bitset.sty
Package: bitset 2019/12/09 v1.3 Handle bit-vector datatype (HO)
 (/usr/local/texlive/2026/texmf-dist/tex/generic/bigintcalc/bigintcalc.sty
Package: bigintcalc 2019/12/15 v1.5 Expandable calculations on big integers (HO)
))
\Fld@menulength=\count319
\Field@Width=\dimen186
\Fld@charsize=\dimen187
Package hyperref Info: Hyper figures OFF on input line 6091.
Package hyperref Info: Link nesting OFF on input line 6096.
Package hyperref Info: Hyper index ON on input line 6099.
Package hyperref Info: backreferencing OFF on input line 6106.
Package hyperref Info: Link coloring ON on input line 6109.
Package hyperref Info: Link coloring with OCG OFF on input line 6116.
Package hyperref Info: PDF/A mode OFF on input line 6121.
\Hy@abspage=\count320
\c@Item=\count321
\c@Hfootnote=\count322
)
Package hyperref Info: Driver (autodetected): hxetex.
 (/usr/local/texlive/2026/texmf-dist/tex/latex/hyperref/hxetex.def
File: hxetex.def 2026-04-24 v7.01q Hyperref driver for XeTeX
\pdfm@box=\box56
\c@Hy@AnnotLevel=\count323
\HyField@AnnotCount=\count324
\Fld@listcount=\count325
\c@bookmark@seq@number=\count326
 (/usr/local/texlive/2026/texmf-dist/tex/latex/rerunfilecheck/rerunfilecheck.sty
Package: rerunfilecheck 2025-06-21 v1.11 Rerun checks for auxiliary files (HO)
 (/usr/local/texlive/2026/texmf-dist/tex/generic/uniquecounter/uniquecounter.sty
Package: uniquecounter 2019/12/15 v1.4 Provide unlimited unique counter (HO)
)
Package uniquecounter Info: New unique counter `rerunfilecheck' on input line 284.
)
\Hy@SectionHShift=\skip74
) (/usr/local/texlive/2026/texmf-dist/tex/latex/base/shortvrb.sty
Package: shortvrb 2026-03-13 v3.0r Standard LaTeX documentation package V3 (FMi)
) (/usr/local/texlive/2026/texmf-dist/tex/generic/ulem/ulem.sty
\UL@box=\box57
\UL@hyphenbox=\box58
\UL@skip=\skip75
\UL@hook=\toks19
\UL@height=\dimen188
\UL@pe=\count327
\UL@pixel=\dimen189
\ULC@box=\box59
Package: ulem 2019/11/18
\ULdepth=\dimen190
) (/usr/local/texlive/2026/texmf-dist/tex/latex/base/makeidx.sty
Package: makeidx 2021/10/04 v1.0m Standard LaTeX package
) (/usr/local/texlive/2026/texmf-dist/tex/latex/graphics/graphicx.sty
Package: graphicx 2026-05-17 v1.2e Enhanced LaTeX Graphics (DPC,SPQR)
 (/usr/local/texlive/2026/texmf-dist/tex/latex/graphics/graphics.sty
Package: graphics 2026-05-17 v1.4h Standard LaTeX Graphics (DPC,SPQR)
 (/usr/local/texlive/2026/texmf-dist/tex/latex/graphics/trig.sty
Package: trig 2023/12/02 v1.11 sin cos tan (DPC)
) (/usr/local/texlive/2026/texmf-dist/tex/latex/graphics-cfg/graphics.cfg
File: graphics.cfg 2016/06/04 v1.11 sample graphics configuration
)
Package graphics Info: Driver file: xetex.def on input line 106.
 (/usr/local/texlive/2026/texmf-dist/tex/latex/graphics-def/xetex.def
File: xetex.def 2025/11/01 v5.0p Graphics/color driver for xetex
))
\Gin@req@height=\dimen191
\Gin@req@width=\dimen192
) (/usr/local/texlive/2026/texmf-dist/tex/latex/tools/indentfirst.sty
Package: indentfirst 2023/07/02 v1.03 Indent first paragraph (DPC)
) (/usr/local/texlive/2026/texmf-dist/tex/latex/base/latexsym.sty
Package: latexsym 1998/08/17 v2.2e Standard LaTeX package (lasy symbols)
\symlasy=\mathgroup4
LaTeX Font Info:    Overwriting symbol font `lasy' in version `bold'
(Font)                  U/lasy/m/n --> U/lasy/b/n on input line 52.
) (/usr/local/texlive/2026/texmf-dist/tex/latex/colortbl/colortbl.sty
Package: colortbl 2026/05/01 v1.0l Color table columns (DPC)
 (/usr/local/texlive/2026/texmf-dist/tex/latex/tools/array.sty
Package: array 2026/02/24 v2.7b Tabular extension package (FMi)
\col@sep=\dimen193
\ar@mcellbox=\box60
\extrarowheight=\dimen194
\NC@list=\toks20
\extratabsurround=\skip76
\backup@length=\skip77
\ar@cellbox=\box61
) (/usr/local/texlive/2026/texmf-dist/tex/latex/graphics/color.sty
Package: color 2026-05-17 v1.3f Standard LaTeX Color (DPC)
 (/usr/local/texlive/2026/texmf-dist/tex/latex/graphics-cfg/color.cfg
File: color.cfg 2016/01/02 v1.6 sample color configuration
)
Package color Info: Driver file: xetex.def on input line 149.
 (/usr/local/texlive/2026/texmf-dist/tex/latex/graphics/mathcolor.ltx))
new hooks used!!
\minrowclearance=\skip78
\rownum=\count328
) (/usr/local/texlive/2026/texmf-dist/tex/latex/subfigure/subfigure.sty
Package: subfigure 2002/03/15 v2.1.5 subfigure package
\subfigtopskip=\skip79
\subfigcapskip=\skip80
\subfigcaptopadj=\dimen195
\subfigbottomskip=\skip81
\subfigcapmargin=\dimen196
\subfiglabelskip=\skip82
\c@subfigure=\count329
\c@lofdepth=\count330
\c@subtable=\count331
\c@lotdepth=\count332

****************************************
* Local config file subfigure.cfg used *
****************************************
(/usr/local/texlive/2026/texmf-dist/tex/latex/subfigure/subfigure.cfg)
\subfig@top=\skip83
\subfig@bottom=\skip84
) (/usr/local/texlive/2026/texmf-dist/tex/latex/clrscode/clrscode.sty
Invalid UTF-8 byte or sequence at line 27 replaced by U+FFFD.
Package: clrscode 2007/03/29 v1.7 format pseudocode
\c@codelinenumber=\count333
\c@indent=\count334
\digitwidth=\skip85
\savecode=\box62
\codeboxwidth=\skip86
\c@thisindent=\count335
) (/usr/local/texlive/2026/texmf-dist/tex/latex/algorithms/algorithm.sty
Invalid UTF-8 byte or sequence at line 11 replaced by U+FFFD.
Package: algorithm 2009/08/24 v0.1 Document Style `algorithm' - floating environment
 (/usr/local/texlive/2026/texmf-dist/tex/latex/float/float.sty
Package: float 2001/11/08 v1.3d Float enhancements (AL)
\c@float@type=\count336
\float@exts=\toks21
\float@box=\box63
\@float@everytoks=\toks22
\@floatcapt=\box64
) (/usr/local/texlive/2026/texmf-dist/tex/latex/base/ifthen.sty
Package: ifthen 2024/03/16 v1.1e Standard LaTeX ifthen package (DPC)
)
\@float@every@algorithm=\toks23
\c@algorithm=\count337
) (/usr/local/texlive/2026/texmf-dist/tex/latex/algorithms/algorithmic.sty
Invalid UTF-8 byte or sequence at line 11 replaced by U+FFFD.
Package: algorithmic 2009/08/24 v0.1 Document Style `algorithmic'
\c@ALC@unique=\count338
\c@ALC@line=\count339
\c@ALC@rem=\count340
\c@ALC@depth=\count341
\ALC@tlm=\skip87
\algorithmicindent=\skip88
) (/usr/local/texlive/2026/texmf-dist/tex/latex/tools/bm.sty
Package: bm 2025/10/21 v1.2g Bold Symbol Support (DPC/FMi)
\symboldoperators=\mathgroup5
\symboldletters=\mathgroup6
\symboldsymbols=\mathgroup7
Package bm Info: No bold for \OMX/cmex/m/n, using \pmb.
\symboldlasy=\mathgroup8
LaTeX Font Info:    Redeclaring math alphabet \mathbf on input line 149.
) (/usr/local/texlive/2026/texmf-dist/tex/latex/amsmath/amsmath.sty
Package: amsmath 2026/05/19 v2.18d AMS math features
\@mathmargin=\skip89

For additional information on amsmath, use the `?' option.
(/usr/local/texlive/2026/texmf-dist/tex/latex/amsmath/amstext.sty
Package: amstext 2024/11/17 v2.01 AMS text
 (/usr/local/texlive/2026/texmf-dist/tex/latex/amsmath/amsgen.sty
File: amsgen.sty 1999/11/30 v2.0 generic functions
\@emptytoks=\toks24
\ex@=\dimen197
)) (/usr/local/texlive/2026/texmf-dist/tex/latex/amsmath/amsbsy.sty
Package: amsbsy 1999/11/29 v1.2d Bold Symbols
LaTeX Info: Redefining \boldsymbol on input line 28.
\pmbraise@=\dimen198
) (/usr/local/texlive/2026/texmf-dist/tex/latex/amsmath/amsopn.sty
Package: amsopn 2022/04/08 v2.04 operator names
)
\inf@bad=\count342
LaTeX Info: Redefining \frac on input line 233.
\uproot@=\count343
\leftroot@=\count344
LaTeX Info: Redefining \overline on input line 398.
LaTeX Info: Redefining \colon on input line 409.
\classnum@=\count345
\DOTSCASE@=\count346
LaTeX Info: Redefining \ldots on input line 495.
LaTeX Info: Redefining \dots on input line 498.
LaTeX Info: Redefining \cdots on input line 619.
\Mathstrutbox@=\box65
\strutbox@=\box66
LaTeX Info: Redefining \big on input line 721.
LaTeX Info: Redefining \Big on input line 722.
LaTeX Info: Redefining \bigg on input line 723.
LaTeX Info: Redefining \Bigg on input line 724.
\big@size=\dimen199
LaTeX Font Info:    Redeclaring font encoding OML on input line 742.
LaTeX Font Info:    Redeclaring font encoding OMS on input line 743.
\macc@depth=\count347
LaTeX Info: Redefining \bmod on input line 904.
LaTeX Info: Redefining \pmod on input line 909.
LaTeX Info: Redefining \smash on input line 939.
LaTeX Info: Redefining \relbar on input line 969.
LaTeX Info: Redefining \Relbar on input line 970.
\c@MaxMatrixCols=\count348
\dotsspace@=\muskip18
\c@parentequation=\count349
\dspbrk@lvl=\count350
\tag@help=\toks25
\row@=\count351
\column@=\count352
\maxfields@=\count353
\andhelp@=\toks26
\eqnshift@=\dimen256
\alignsep@=\dimen257
\tagshift@=\dimen258
\tagwidth@=\dimen259
\totwidth@=\dimen260
\lineht@=\dimen261
\@envbody=\toks27
\multlinegap=\skip90
\multlinetaggap=\skip91
\mathdisplay@stack=\toks28
LaTeX Info: Redefining \[ on input line 2965.
LaTeX Info: Redefining \] on input line 2966.
) (/usr/local/texlive/2026/texmf-dist/tex/latex/amsfonts/amssymb.sty
Package: amssymb 2013/01/14 v3.01 AMS font symbols
 (/usr/local/texlive/2026/texmf-dist/tex/latex/amsfonts/amsfonts.sty
Package: amsfonts 2013/01/14 v3.01 Basic AMSFonts support
\symAMSa=\mathgroup9
\symAMSb=\mathgroup10
LaTeX Font Info:    Redeclaring math symbol \hbar on input line 98.
LaTeX Font Info:    Overwriting math alphabet `\mathfrak' in version `bold'
(Font)                  U/euf/m/n --> U/euf/b/n on input line 106.
)) (/usr/local/texlive/2026/texmf-dist/tex/latex/jknapltx/mathrsfs.sty
Package: mathrsfs 1996/01/01 Math RSFS package v1.0 (jk)
\symrsfs=\mathgroup11
) (/usr/local/texlive/2026/texmf-dist/tex/latex/cases/cases.sty
Package: cases 2020/03/29 ver 3.2
\numc@numwid=\dimen262
) (/usr/local/texlive/2026/texmf-dist/tex/latex/geometry/geometry.sty
Package: geometry 2026/03/07 v6.0 Page Geometry
 (/usr/local/texlive/2026/texmf-dist/tex/generic/iftex/ifvtex.sty
Package: ifvtex 2019/10/25 v1.7 ifvtex legacy package. Use iftex instead.
)
\Gm@cnth=\count354
\Gm@cntv=\count355
\c@Gm@tempcnt=\count356
\Gm@bindingoffset=\dimen263
\Gm@wd@mp=\dimen264
\Gm@odd@mp=\dimen265
\Gm@even@mp=\dimen266
\Gm@layoutwidth=\dimen267
\Gm@layoutheight=\dimen268
\Gm@layouthoffset=\dimen269
\Gm@layoutvoffset=\dimen270
\Gm@dimlist=\toks29
) (/usr/local/texlive/2026/texmf-dist/tex/latex/psnfss/times.sty
Package: times 2020/03/25 PSNFSS-v9.3 (SPQR) 
) (/usr/local/texlive/2026/texmf-dist/tex/latex/makecell/makecell.sty
Package: makecell 2009/08/03 V0.1e Managing of Tab Column Heads and Cells
\rotheadsize=\dimen271
\c@nlinenum=\count357
\TeXr@lab=\toks30
) (/usr/local/texlive/2026/texmf-dist/tex/latex/graphics/rotating.sty
Package: rotating 2026-05-17 v2.16e rotated objects in LaTeX
\c@r@tfl@t=\count358
\rotFPtop=\skip92
\rotFPbot=\skip93
\rot@float@box=\box67
\rot@mess@toks=\toks31
) (/usr/local/texlive/2026/texmf-dist/tex/latex/multirow/multirow.sty
Package: multirow 2024/11/12 v2.9 Span multiple rows of a table
\multirow@colwidth=\skip94
\multirow@cntb=\count359
\multirow@dima=\skip95
\bigstrutjot=\dimen272
) (/usr/local/texlive/2026/texmf-dist/tex/latex/diagbox/diagbox.sty
Package: diagbox 2020/02/09 v2.3 Making table heads with diagonal lines
 (/usr/local/texlive/2026/texmf-dist/tex/latex/pict2e/pict2e.sty
Package: pict2e 2020/09/30 v0.4b Improved picture commands (HjG,RN,JT)
 (/usr/local/texlive/2026/texmf-dist/tex/latex/pict2e/pict2e.cfg
File: pict2e.cfg 2016/02/05 v0.1u pict2e configuration for teTeX/TeXLive
)
Package pict2e Info: Driver file: xetex.def on input line 112.
Package pict2e Info: Driver file for pict2e: p2e-xetex.def on input line 114.
 (/usr/local/texlive/2026/texmf-dist/tex/latex/pict2e/p2e-xetex.def
File: p2e-xetex.def 2016/02/05 v0.1u Driver-dependant file (RN,HjG,JT)
)
\pIIe@GRAPH=\toks32
\@arclen=\dimen273
\@arcrad=\dimen274
\pIIe@tempdima=\dimen275
\pIIe@tempdimb=\dimen276
\pIIe@tempdimc=\dimen277
\pIIe@tempdimd=\dimen278
\pIIe@tempdime=\dimen279
\pIIe@tempdimf=\dimen280
) (/usr/local/texlive/2026/texmf-dist/tex/latex/tools/calc.sty
Package: calc 2025/03/01 v4.3b Infix arithmetic (KKT,FJ)
\calc@Acount=\count360
\calc@Bcount=\count361
\calc@Adimen=\dimen281
\calc@Bdimen=\dimen282
\calc@Askip=\skip96
\calc@Bskip=\skip97
LaTeX Info: Redefining \setlength on input line 86.
LaTeX Info: Redefining \addtolength on input line 87.
\calc@Ccount=\count362
\calc@Cskip=\skip98
)
\diagbox@boxa=\box68
\diagbox@boxb=\box69
\diagbox@boxm=\box70
\diagbox@wd=\dimen283
\diagbox@ht=\dimen284
\diagbox@insepl=\dimen285
\diagbox@insepr=\dimen286
\diagbox@outsepl=\dimen287
\diagbox@outsepr=\dimen288
) (/usr/local/texlive/2026/texmf-dist/tex/latex/booktabs/booktabs.sty
Package: booktabs 2020/01/12 v1.61803398 Publication quality tables
\heavyrulewidth=\dimen289
\lightrulewidth=\dimen290
\cmidrulewidth=\dimen291
\belowrulesep=\dimen292
\belowbottomsep=\dimen293
\aboverulesep=\dimen294
\abovetopsep=\dimen295
\cmidrulesep=\dimen296
\cmidrulekern=\dimen297
\defaultaddspace=\dimen298
\@cmidla=\count363
\@cmidlb=\count364
\@aboverulesep=\dimen299
\@belowrulesep=\dimen300
\@thisruleclass=\count365
\@lastruleclass=\count366
\@thisrulewidth=\dimen301
) (/usr/local/texlive/2026/texmf-dist/tex/latex/caption/caption.sty
Package: caption 2023/08/05 v3.6o Customizing captions (AR)
 (/usr/local/texlive/2026/texmf-dist/tex/latex/caption/caption3.sty
Package: caption3 2023/07/31 v2.4d caption3 kernel (AR)
\caption@tempdima=\dimen302
\captionmargin=\dimen303
\caption@leftmargin=\dimen304
\caption@rightmargin=\dimen305
\caption@width=\dimen306
\caption@indent=\dimen307
\caption@parindent=\dimen308
\caption@hangindent=\dimen309
Package caption Info: Standard document class detected.
)
\c@caption@flags=\count367
\c@continuedfloat=\count368
Package caption Info: float package is loaded.
Package caption Info: hyperref package is loaded.
Package caption Info: rotating package is loaded.
Package caption Info: subfigure package is loaded.
) (/usr/local/texlive/2026/texmf-dist/tex/latex/titlesec/titletoc.sty
Package: titletoc 2025/01/04 v2.17 TOC entries
\ttl@leftsep=\dimen310
) (/usr/local/texlive/2026/texmf-dist/tex/latex/amscls/amsthm.sty
Package: amsthm 2020/05/29 v2.20.6
\thm@style=\toks33
\thm@bodyfont=\toks34
\thm@headfont=\toks35
\thm@notefont=\toks36
\thm@headpunct=\toks37
\thm@preskip=\skip99
\thm@postskip=\skip100
\thm@headsep=\skip101
\dth@everypar=\toks38
) (/usr/local/texlive/2026/texmf-dist/tex/latex/fourier/fourier.sty
Package: fourier 2024/09/08 2.4 fourier-GUTenberg package


Package fourier Warning: Please consider loading "fourier-otf.sty" instead of
(fourier)                "fourier.sty" with Unicode engines LuaTeX or XeTeX,
(fourier)                so that Type1 fonts get replaced by OpenType fonts.
(fourier)                See file "Erewhon-Math.pdf" for more information.

(/usr/local/texlive/2026/texmf-dist/tex/latex/base/fontenc.sty
Package: fontenc 2025/07/18 v2.1d Standard LaTeX package
LaTeX Font Info:    Trying to load font information for T1+futs on input line 116.
 (/usr/local/texlive/2026/texmf-dist/tex/latex/fourier/t1futs.fd
File: t1futs.fd 2004/03/02 Fontinst v1.926 font definitions for T1/futs.
)) (/usr/local/texlive/2026/texmf-dist/tex/latex/base/textcomp.sty
Package: textcomp 2024/04/24 v2.1b Standard LaTeX package
) (/usr/local/texlive/2026/texmf-dist/tex/latex/fourier/fourier-orns.sty
Package: fourier-orns 2024/09/08 2.4 fourier-ornaments package
)
LaTeX Font Info:    Redeclaring symbol font `operators' on input line 64.
LaTeX Font Info:    Encoding `OT1' has changed to `T1' for symbol font
(Font)              `operators' in the math version `normal' on input line 64.
LaTeX Font Info:    Overwriting symbol font `operators' in version `normal'
(Font)                  OT1/cmr/m/n --> T1/futs/m/n on input line 64.
LaTeX Font Info:    Encoding `OT1' has changed to `T1' for symbol font
(Font)              `operators' in the math version `bold' on input line 64.
LaTeX Font Info:    Overwriting symbol font `operators' in version `bold'
(Font)                  OT1/cmr/bx/n --> T1/futs/m/n on input line 64.
LaTeX Font Info:    Overwriting symbol font `operators' in version `bold'
(Font)                  T1/futs/m/n --> T1/futs/b/n on input line 65.
LaTeX Font Info:    Redeclaring symbol font `letters' on input line 73.
LaTeX Font Info:    Encoding `OML' has changed to `FML' for symbol font
(Font)              `letters' in the math version `normal' on input line 73.
LaTeX Font Info:    Overwriting symbol font `letters' in version `normal'
(Font)                  OML/cmm/m/it --> FML/futmi/m/it on input line 73.
LaTeX Font Info:    Encoding `OML' has changed to `FML' for symbol font
(Font)              `letters' in the math version `bold' on input line 73.
LaTeX Font Info:    Overwriting symbol font `letters' in version `bold'
(Font)                  OML/cmm/b/it --> FML/futmi/m/it on input line 73.
\symotherletters=\mathgroup12
LaTeX Font Info:    Overwriting symbol font `letters' in version `bold'
(Font)                  FML/futmi/m/it --> FML/futmi/b/it on input line 75.
LaTeX Font Info:    Overwriting symbol font `otherletters' in version `bold'
(Font)                  FML/futm/m/it --> FML/futm/b/it on input line 76.
LaTeX Font Info:    Redeclaring math symbol \Gamma on input line 77.
LaTeX Font Info:    Redeclaring math symbol \Delta on input line 78.
LaTeX Font Info:    Redeclaring math symbol \Theta on input line 79.
LaTeX Font Info:    Redeclaring math symbol \Lambda on input line 80.
LaTeX Font Info:    Redeclaring math symbol \Xi on input line 81.
LaTeX Font Info:    Redeclaring math symbol \Pi on input line 82.
LaTeX Font Info:    Redeclaring math symbol \Sigma on input line 83.
LaTeX Font Info:    Redeclaring math symbol \Upsilon on input line 84.
LaTeX Font Info:    Redeclaring math symbol \Phi on input line 85.
LaTeX Font Info:    Redeclaring math symbol \Psi on input line 86.
LaTeX Font Info:    Redeclaring math symbol \Omega on input line 87.
LaTeX Font Info:    Redeclaring symbol font `symbols' on input line 127.
LaTeX Font Info:    Encoding `OMS' has changed to `FMS' for symbol font
(Font)              `symbols' in the math version `normal' on input line 127.
LaTeX Font Info:    Overwriting symbol font `symbols' in version `normal'
(Font)                  OMS/cmsy/m/n --> FMS/futm/m/n on input line 127.
LaTeX Font Info:    Encoding `OMS' has changed to `FMS' for symbol font
(Font)              `symbols' in the math version `bold' on input line 127.
LaTeX Font Info:    Overwriting symbol font `symbols' in version `bold'
(Font)                  OMS/cmsy/b/n --> FMS/futm/m/n on input line 127.
LaTeX Font Info:    Redeclaring symbol font `largesymbols' on input line 128.
LaTeX Font Info:    Encoding `OMX' has changed to `FMX' for symbol font
(Font)              `largesymbols' in the math version `normal' on input line 128.
LaTeX Font Info:    Overwriting symbol font `largesymbols' in version `normal'
(Font)                  OMX/cmex/m/n --> FMX/futm/m/n on input line 128.
LaTeX Font Info:    Encoding `OMX' has changed to `FMX' for symbol font
(Font)              `largesymbols' in the math version `bold' on input line 128.
LaTeX Font Info:    Overwriting symbol font `largesymbols' in version `bold'
(Font)                  OMX/cmex/m/n --> FMX/futm/m/n on input line 128.
LaTeX Font Info:    Redeclaring math alphabet \mathbf on input line 129.
LaTeX Font Info:    Redeclaring math alphabet \mathrm on input line 130.
LaTeX Font Info:    Redeclaring math alphabet \mathit on input line 131.
LaTeX Font Info:    Overwriting math alphabet `\mathit' in version `normal'
(Font)                  OT1/cmr/m/it --> T1/futs/m/it on input line 131.
LaTeX Font Info:    Overwriting math alphabet `\mathit' in version `bold'
(Font)                  OT1/cmr/bx/it --> T1/futs/m/it on input line 131.
LaTeX Font Info:    Redeclaring math alphabet \mathcal on input line 132.
LaTeX Font Info:    Redeclaring math symbol \varkappa on input line 133.
LaTeX Font Info:    Redeclaring math symbol \leqslant on input line 139.
LaTeX Font Info:    Redeclaring math symbol \geqslant on input line 140.
LaTeX Font Info:    Redeclaring math symbol \vDash on input line 143.
LaTeX Font Info:    Redeclaring math symbol \blacktriangleleft on input line 144.
LaTeX Font Info:    Redeclaring math symbol \blacktriangleright on input line 145.
LaTeX Font Info:    Redeclaring math symbol \nleqslant on input line 146.
LaTeX Font Info:    Redeclaring math symbol \ngeqslant on input line 147.
LaTeX Font Info:    Redeclaring math symbol \parallel on input line 148.
LaTeX Font Info:    Redeclaring math symbol \nparallel on input line 149.
LaTeX Font Info:    Redeclaring math symbol \nvDash on input line 151.
LaTeX Font Info:    Redeclaring math symbol \intercal on input line 152.
LaTeX Font Info:    Redeclaring math symbol \hslash on input line 153.
LaTeX Font Info:    Redeclaring math symbol \nexists on input line 154.
LaTeX Font Info:    Redeclaring math symbol \complement on input line 155.
LaTeX Font Info:    Redeclaring math symbol \varsubsetneq on input line 156.
LaTeX Font Info:    Redeclaring math symbol \hbar on input line 162.
LaTeX Font Info:    Redeclaring math symbol \smallsetminus on input line 163.
LaTeX Font Info:    Redeclaring math symbol \subsetneqq on input line 164.
LaTeX Font Info:    Redeclaring math symbol \rightrightarrows on input line 165.
LaTeX Font Info:    Redeclaring math symbol \leftleftarrows on input line 166.
LaTeX Font Info:    Redeclaring math symbol \square on input line 167.
LaTeX Font Info:    Redeclaring math symbol \curvearrowleft on input line 168.
LaTeX Font Info:    Redeclaring math symbol \curvearrowright on input line 169.
LaTeX Font Info:    Redeclaring math symbol \blacksquare on input line 170.
LaTeX Font Info:    Redeclaring math symbol \varkappa on input line 200.
LaTeX Font Info:    Redeclaring math symbol \varvarrho on input line 201.
LaTeX Font Info:    Redeclaring math delimiter \Vert on input line 224.
LaTeX Font Info:    Redeclaring math delimiter \vert on input line 229.
LaTeX Font Info:    Redeclaring math delimiter \lvert on input line 231.
LaTeX Font Info:    Redeclaring math delimiter \rvert on input line 233.
LaTeX Font Info:    Redeclaring math delimiter \lVert on input line 235.
LaTeX Font Info:    Redeclaring math delimiter \rVert on input line 237.
LaTeX Font Info:    Redeclaring math delimiter \Downarrow on input line 239.
LaTeX Font Info:    Redeclaring math delimiter \backslash on input line 241.
LaTeX Font Info:    Redeclaring math delimiter \rangle on input line 243.
LaTeX Font Info:    Redeclaring math delimiter \langle on input line 245.
LaTeX Font Info:    Redeclaring math delimiter \rbrace on input line 247.
LaTeX Font Info:    Redeclaring math delimiter \lbrace on input line 249.
LaTeX Font Info:    Redeclaring math delimiter \rceil on input line 251.
LaTeX Font Info:    Redeclaring math delimiter \lceil on input line 253.
LaTeX Font Info:    Redeclaring math delimiter \rfloor on input line 255.
LaTeX Font Info:    Redeclaring math delimiter \lfloor on input line 257.
LaTeX Font Info:    Redeclaring math accent \acute on input line 261.
LaTeX Font Info:    Redeclaring math accent \grave on input line 262.
LaTeX Font Info:    Redeclaring math accent \ddot on input line 263.
LaTeX Font Info:    Redeclaring math accent \tilde on input line 264.
LaTeX Font Info:    Redeclaring math accent \bar on input line 265.
LaTeX Font Info:    Redeclaring math accent \breve on input line 266.
LaTeX Font Info:    Redeclaring math accent \check on input line 267.
LaTeX Font Info:    Redeclaring math accent \hat on input line 268.
LaTeX Font Info:    Redeclaring math accent \dot on input line 269.
LaTeX Font Info:    Redeclaring math accent \mathring on input line 270.
\symUfutm=\mathgroup13
) (/usr/local/texlive/2026/texmf-dist/tex/latex/mathtools/mathtools.sty
Package: mathtools 2024/10/04 v1.31 mathematical typesetting tools
 (/usr/local/texlive/2026/texmf-dist/tex/latex/mathtools/mhsetup.sty
Package: mhsetup 2021/03/18 v1.4 programming setup (MH)
)
\g_MT_multlinerow_int=\count369
\l_MT_multwidth_dim=\dimen311
\origjot=\skip102
\l_MT_shortvdotswithinadjustabove_dim=\dimen312
\l_MT_shortvdotswithinadjustbelow_dim=\dimen313
\l_MT_above_intertext_sep=\dimen314
\l_MT_below_intertext_sep=\dimen315
\l_MT_above_shortintertext_sep=\dimen316
\l_MT_below_shortintertext_sep=\dimen317
\xmathstrut@box=\box71
\xmathstrut@dim=\dimen318
)
\c@hypothesis=\count370
\@indexfile=\write3
\openout3 = `main.idx'.


Writing index file main.idx
\c@thm1=\count371
\c@thm2=\count372
\c@thm3=\count373
\c@Definition=\count374

Class ctexbook Warning: Command `\CTEXsetup' is deprecated.
(ctexbook)              \ctexset { chapter = { beforeskip = 0pt } } is set.


Class ctexbook Warning: Command `\CTEXsetup' is deprecated.
(ctexbook)              \ctexset { chapter = { afterskip = 20pt } } is set.


Package fontspec Info: 
(fontspec)             Font family 'TimesNewRoman(0)' created for font 'Times
(fontspec)             New Roman' with options [Ligatures=TeX].
(fontspec)              
(fontspec)              This font family consists of the following NFSS
(fontspec)             series/shapes:
(fontspec)              
(fontspec)             - 'normal' (m/n) with NFSS spec.: <->"Times New
(fontspec)             Roman/OT:script=latn;language=dflt;mapping=tex-text;"
(fontspec)             - 'bold' (b/n) with NFSS spec.: <->"Times New
(fontspec)             Roman/B/OT:script=latn;language=dflt;mapping=tex-text;"
(fontspec)             - 'italic' (m/it) with NFSS spec.: <->"Times New
(fontspec)             Roman/I/OT:script=latn;language=dflt;mapping=tex-text;"
(fontspec)             - 'bold italic' (b/it) with NFSS spec.: <->"Times New
(fontspec)             Roman/BI/OT:script=latn;language=dflt;mapping=tex-text;"

LaTeX Info: Redefining \nobreakspace on input line 156.
(/usr/local/texlive/2026/texmf-dist/tex/latex/enumitem/enumitem.sty
Package: enumitem 2025/02/06 v3.11 Customized lists
\labelindent=\skip103
\enit@outerparindent=\dimen319
\enit@toks=\toks39
\enit@inbox=\box72
\enit@count@id=\count375
\enitdp@description=\count376
)) (/usr/local/texlive/2026/texmf-dist/tex/latex/emptypage/emptypage.sty
Package: emptypage 2010/05/30 v1.2 Suppress page numbers and headings on empty pages
) (/usr/local/texlive/2026/texmf-dist/tex/latex/algorithmicx/algpseudocode.sty
Package: algpseudocode 
 (/usr/local/texlive/2026/texmf-dist/tex/latex/algorithmicx/algorithmicx.sty
Package: algorithmicx 2005/04/27 v1.2 Algorithmicx

Document Style algorithmicx 1.2 - a greatly improved `algorithmic' style
\c@ALG@line=\count377
\c@ALG@rem=\count378
\c@ALG@nested=\count379
\ALG@tlm=\skip104
\ALG@thistlm=\skip105
\c@ALG@Lnr=\count380
\c@ALG@blocknr=\count381
\c@ALG@storecount=\count382
\c@ALG@tmpcounter=\count383
\ALG@tmplength=\skip106

/usr/local/texlive/2026/texmf-dist/tex/latex/algorithmicx/algorithmicx.sty:112: LaTeX Error: Command \algorithmic already defined.
               Or name \end... illegal, see p.192 of the manual.

See the LaTeX manual or LaTeX Companion for explanation.
Type  H <return>  for immediate help.
 ...                                              
                                                  
l.112    }
          %
Your command was ignored.
Type  I <command> <return>  to replace it with another command,
or  <return>  to continue without it.

)
Document Style - pseudocode environments for use with the `algorithmicx' style
)
No file main.aux.
\openout1 = `main.aux'.

LaTeX Font Info:    Checking defaults for OML/cmm/m/it on input line 57.
LaTeX Font Info:    ... okay on input line 57.
LaTeX Font Info:    Checking defaults for OMS/cmsy/m/n on input line 57.
LaTeX Font Info:    ... okay on input line 57.
LaTeX Font Info:    Checking defaults for OT1/cmr/m/n on input line 57.
LaTeX Font Info:    ... okay on input line 57.
LaTeX Font Info:    Checking defaults for T1/cmr/m/n on input line 57.
LaTeX Font Info:    ... okay on input line 57.
LaTeX Font Info:    Checking defaults for TS1/cmr/m/n on input line 57.
LaTeX Font Info:    ... okay on input line 57.
LaTeX Font Info:    Checking defaults for TU/lmr/m/n on input line 57.
LaTeX Font Info:    ... okay on input line 57.
LaTeX Font Info:    Checking defaults for OMX/cmex/m/n on input line 57.
LaTeX Font Info:    ... okay on input line 57.
LaTeX Font Info:    Checking defaults for U/cmr/m/n on input line 57.
LaTeX Font Info:    ... okay on input line 57.
LaTeX Font Info:    Checking defaults for PD1/pdf/m/n on input line 57.
LaTeX Font Info:    ... okay on input line 57.
LaTeX Font Info:    Checking defaults for PU/pdf/m/n on input line 57.
LaTeX Font Info:    ... okay on input line 57.
LaTeX Font Info:    Checking defaults for FML/futm/m/it on input line 57.
LaTeX Font Info:    Trying to load font information for FML+futm on input line 57.
(/usr/local/texlive/2026/texmf-dist/tex/latex/fourier/fmlfutm.fd
File: fmlfutm.fd 2004/10/30 Fontinst v1.926 font definitions for FML/futm.
)
LaTeX Font Info:    ... okay on input line 57.
LaTeX Font Info:    Checking defaults for FMS/futm/m/n on input line 57.
LaTeX Font Info:    Trying to load font information for FMS+futm on input line 57.
 (/usr/local/texlive/2026/texmf-dist/tex/latex/fourier/fmsfutm.fd
File: fmsfutm.fd 2004/10/30 Fontinst v1.926 font definitions for FMS/futm.
)
LaTeX Font Info:    ... okay on input line 57.
LaTeX Font Info:    Checking defaults for FMX/futm/m/n on input line 57.
LaTeX Font Info:    Trying to load font information for FMX+futm on input line 57.
 (/usr/local/texlive/2026/texmf-dist/tex/latex/fourier/fmxfutm.fd
File: fmxfutm.fd futm-extension
)
LaTeX Font Info:    ... okay on input line 57.
Package hyperref Info: Link coloring ON on input line 57.
\@outlinefile=\write4
\openout4 = `main.out'.



Package hyperref Warning: Rerun to get /PageLabels entry.

*geometry* driver: auto-detecting
*geometry* detected driver: xetex
*geometry* verbose mode - [ preamble ] result:
* driver: xetex
* paper: a4paper
* layout: <same size as paper>
* layoutoffset:(h,v)=(0.0pt,0.0pt)
* modes: twoside 
* h-part:(L,W,R)=(71.70166pt, 418.25368pt, 107.55254pt)
* v-part:(T,H,B)=(101.40665pt, 591.5302pt, 152.11pt)
* \paperwidth=597.50787pt
* \paperheight=845.04684pt
* \textwidth=426.79134pt
* \textheight=654.41338pt
* \oddsidemargin=16.21828pt
* \evensidemargin=16.21828pt
* \topmargin=-2.73714pt
* \headheight=12.0pt
* \headsep=19.8738pt
* \topskip=12.0pt
* \footskip=30.0pt
* \marginparwidth=88.0pt
* \marginparsep=7.0pt
* \columnsep=10.0pt
* \skip\footins=10.8pt plus 4.0pt minus 2.0pt
* \hoffset=0.0pt
* \voffset=-17.07164pt
* \mag=1000
* \@twocolumnfalse
* \@twosidetrue
* \@mparswitchtrue
* \@reversemarginfalse
* (1in=72.27pt=25.4mm, 1cm=28.453pt)

Package caption Info: Begin \AtBeginDocument code.
Package caption Info: End \AtBeginDocument code.
LaTeX Font Info:    Redeclaring math accent \widehat on input line 57.
LaTeX Font Info:    Redeclaring math accent \widetilde on input line 57.
(./preface/inner-cover.tex
LaTeX Font Info:    Trying to load font information for FML+futmi on input line 9.
 (/usr/local/texlive/2026/texmf-dist/tex/latex/fourier/fmlfutmi.fd
File: fmlfutmi.fd 2004/10/30 Fontinst v1.926 font definitions for FML/futmi.
)
LaTeX Font Info:    Font shape `FMX/futm/m/n' will be
(Font)              scaled to size 11.03998pt on input line 9.
LaTeX Font Info:    Font shape `FMX/futm/m/n' will be
(Font)              scaled to size 8.27998pt on input line 9.
LaTeX Font Info:    Font shape `FMX/futm/m/n' will be
(Font)              scaled to size 6.43999pt on input line 9.
LaTeX Font Info:    Font shape `U/lasy/b/n' in size <9> not available
(Font)              Font shape `U/lasy/m/n' tried instead on input line 9.
LaTeX Font Info:    Font shape `U/lasy/b/n' in size <7> not available
(Font)              Font shape `U/lasy/m/n' tried instead on input line 9.
LaTeX Font Info:    Trying to load font information for U+msa on input line 9.
 (/usr/local/texlive/2026/texmf-dist/tex/latex/amsfonts/umsa.fd
File: umsa.fd 2013/01/14 v3.01 AMS symbols A
)
LaTeX Font Info:    Trying to load font information for U+msb on input line 9.
 (/usr/local/texlive/2026/texmf-dist/tex/latex/amsfonts/umsb.fd
File: umsb.fd 2013/01/14 v3.01 AMS symbols B
)
LaTeX Font Info:    Trying to load font information for U+rsfs on input line 9.
 (/usr/local/texlive/2026/texmf-dist/tex/latex/jknapltx/ursfs.fd
File: ursfs.fd 1998/03/24 rsfs font definition file (jk)
)
LaTeX Font Info:    Font shape `U/futm/m/n' will be
(Font)              scaled to size 11.03998pt on input line 9.
LaTeX Font Info:    Font shape `U/futm/m/n' will be
(Font)              scaled to size 8.27998pt on input line 9.
LaTeX Font Info:    Font shape `U/futm/m/n' will be
(Font)              scaled to size 6.43999pt on input line 9.
LaTeX Font Info:    Font shape `FMX/futm/m/n' will be
(Font)              scaled to size 12.92825pt on input line 10.
LaTeX Font Info:    Font shape `FMX/futm/m/n' will be
(Font)              scaled to size 9.6962pt on input line 10.
LaTeX Font Info:    Font shape `FMX/futm/m/n' will be
(Font)              scaled to size 6.92586pt on input line 10.
LaTeX Font Info:    Font shape `U/lasy/b/n' in size <7.52812> not available
(Font)              Font shape `U/lasy/m/n' tried instead on input line 10.


LaTeX Font Warning: Font shape `U/rsfs/m/n' in size <10.53937> not available
(Font)              size <10.95> substituted on input line 10.


LaTeX Font Warning: Font shape `U/rsfs/m/n' in size <7.52812> not available
(Font)              size <8> substituted on input line 10.

LaTeX Font Info:    Font shape `U/futm/m/n' will be
(Font)              scaled to size 12.92825pt on input line 10.
LaTeX Font Info:    Font shape `U/futm/m/n' will be
(Font)              scaled to size 9.6962pt on input line 10.
LaTeX Font Info:    Font shape `U/futm/m/n' will be
(Font)              scaled to size 6.92586pt on input line 10.
File: chapters/fig-0/logo.png Graphic file (type bmp)
<chapters/fig-0/logo.png>

Underfull \hbox (badness 10000) detected at line 48
\TU/STSong(0)/b/n/14 院 系\TU/TimesNewRoman(0)/b/n/14 :
 []


Underfull \hbox (badness 10000) detected at line 49
\TU/STSong(0)/b/n/14 专 业\TU/TimesNewRoman(0)/b/n/14 :
 []


Underfull \hbox (badness 10000) detected at line 50
\TU/STSong(0)/b/n/14 研 究 方 向\TU/TimesNewRoman(0)/b/n/14 :
 []


Underfull \hbox (badness 10000) detected at line 51
\TU/STSong(0)/b/n/14 指 导 教 师\TU/TimesNewRoman(0)/b/n/14 :
 []


Underfull \vbox (badness 1424) has occurred while \output is active []

 [1

]) [2] (./preface/inner-cover-en.tex
LaTeX Font Info:    Font shape `FMX/futm/m/n' will be
(Font)              scaled to size 22.88956pt on input line 12.
LaTeX Font Info:    Font shape `FMX/futm/m/n' will be
(Font)              scaled to size 15.89755pt on input line 12.
LaTeX Font Info:    Font shape `U/futm/m/n' will be
(Font)              scaled to size 22.88956pt on input line 12.
LaTeX Font Info:    Font shape `U/futm/m/n' will be
(Font)              scaled to size 15.89755pt on input line 12.


LaTeX Font Warning: Font shape `TU/TimesNewRoman(0)/b/sc' undefined
(Font)              using `TU/TimesNewRoman(0)/b/n' instead on input line 19.

LaTeX Font Info:    Font shape `FMX/futm/m/n' will be
(Font)              scaled to size 13.24796pt on input line 26.
LaTeX Font Info:    Font shape `FMX/futm/m/n' will be
(Font)              scaled to size 9.19998pt on input line 26.
LaTeX Font Info:    Font shape `FMX/futm/m/n' will be
(Font)              scaled to size 7.35999pt on input line 26.
LaTeX Font Info:    Font shape `U/lasy/b/n' in size <8> not available
(Font)              Font shape `U/lasy/m/n' tried instead on input line 26.
LaTeX Font Info:    Font shape `U/futm/m/n' will be
(Font)              scaled to size 13.24796pt on input line 26.
LaTeX Font Info:    Font shape `U/futm/m/n' will be
(Font)              scaled to size 9.19998pt on input line 26.
LaTeX Font Info:    Font shape `U/futm/m/n' will be
(Font)              scaled to size 7.35999pt on input line 26.

Underfull \vbox (badness 10000) has occurred while \output is active []

 [3

]) [4] (./preface/copyright.tex
Overfull \hbox (24.0pt too wide) in paragraph at lines 38--39
[]$[]$ 
 []

) [5

] [6

] (./preface/member-list.tex

Package fontspec Info: 
(fontspec)             Script 'CJK' not explicitly supported within font
(fontspec)             'STKaiti'. Check the typeset output, and if it is okay
(fontspec)             then ignore this warning. Otherwise a different font
(fontspec)             should be chosen.


Package fontspec Info: 
(fontspec)             Could not resolve font "STKaiti/BI" (it probably
(fontspec)             doesn't exist).


Package fontspec Info: 
(fontspec)             Could not resolve font "STKaiti/B" (it probably doesn't
(fontspec)             exist).


Package fontspec Info: 
(fontspec)             Could not resolve font "STKaiti/I" (it probably doesn't
(fontspec)             exist).


Package fontspec Info: 
(fontspec)             Font family 'STKaiti(0)' created for font 'STKaiti'
(fontspec)             with options [Script={CJK}].
(fontspec)              
(fontspec)              This font family consists of the following NFSS
(fontspec)             series/shapes:
(fontspec)              
(fontspec)             - 'normal' (m/n) with NFSS spec.:
(fontspec)             <->"STKaiti/OT:script=hani;language=dflt;"


Package fontspec Info: 
(fontspec)             Script 'CJK' not explicitly supported within font
(fontspec)             'STHeiti'. Check the typeset output, and if it is okay
(fontspec)             then ignore this warning. Otherwise a different font
(fontspec)             should be chosen.


Package fontspec Info: 
(fontspec)             Could not resolve font "STHeiti/BI" (it probably
(fontspec)             doesn't exist).


Package fontspec Info: 
(fontspec)             Could not resolve font "STHeiti/B" (it probably doesn't
(fontspec)             exist).


Package fontspec Info: 
(fontspec)             Could not resolve font "STHeiti/I" (it probably doesn't
(fontspec)             exist).


Package fontspec Info: 
(fontspec)             Font family 'STHeiti(0)' created for font 'STHeiti'
(fontspec)             with options [Script={CJK}].
(fontspec)              
(fontspec)              This font family consists of the following NFSS
(fontspec)             series/shapes:
(fontspec)              
(fontspec)             - 'normal' (m/n) with NFSS spec.:
(fontspec)             <->"STHeiti/OT:script=hani;language=dflt;"

) [7] [8

] (./abstract/abstract.tex

./abstract/abstract.tex:1: LaTeX Error: Environment abstract undefined.

See the LaTeX manual or LaTeX Companion for explanation.
Type  H <return>  for immediate help.
 ...                                              
                                                  
l.1 \begin{abstract}
                    
Your command was ignored.
Type  I <command> <return>  to replace it with another command,
or  <return>  to continue without it.


Overfull \hbox (2.61171pt too wide) in paragraph at lines 8--9
[]\TU/STSong(0)/b/n/12 第 二，|  \TU/STSong(0)/m/n/12 研 究 了 \TU/TimesNewRoman(0)/m/n/12 QLoRA \TU/STSong(0)/m/n/12 等 参 数 高 效 微 调 方 法 在 大 模 型 情 感 分 析 中 的 应 用。| \TU/TimesNewRoman(0)/m/n/12 QLoRA
 []


./abstract/abstract.tex:19: LaTeX Error: \begin{document} ended by \end{abstract}.

See the LaTeX manual or LaTeX Companion for explanation.
Type  H <return>  for immediate help.
 ...                                              
                                                  
l.19 \end{abstract}
                   
Your command was ignored.
Type  I <command> <return>  to replace it with another command,
or  <return>  to continue without it.


Package fancyhdr Warning: \headheight is too small (12.0pt): 
(fancyhdr)                Make it at least 15.62503pt, for example:
(fancyhdr)                \setlength{\headheight}{15.62503pt}.
(fancyhdr)                You might also make \topmargin smaller:
(fancyhdr)                \addtolength{\topmargin}{-3.62503pt}.

[1]) [2

] (./abstract/abstract-en.tex

./abstract/abstract-en.tex:1: LaTeX Error: Environment abstract undefined.

See the LaTeX manual or LaTeX Companion for explanation.
Type  H <return>  for immediate help.
 ...                                              
                                                  
l.1 \begin{abstract}
                    
Your command was ignored.
Type  I <command> <return>  to replace it with another command,
or  <return>  to continue without it.


Underfull \vbox (badness 2435) has occurred while \output is active []



Package fancyhdr Warning: \headheight is too small (12.0pt): 
(fancyhdr)                Make it at least 15.62503pt, for example:
(fancyhdr)                \setlength{\headheight}{15.62503pt}.
(fancyhdr)                You might also make \topmargin smaller:
(fancyhdr)                \addtolength{\topmargin}{-3.62503pt}.

[3]

./abstract/abstract-en.tex:19: LaTeX Error: \begin{document} ended by \end{abstract}.

See the LaTeX manual or LaTeX Companion for explanation.
Type  H <return>  for immediate help.
 ...                                              
                                                  
l.19 \end{abstract}
                   
Your command was ignored.
Type  I <command> <return>  to replace it with another command,
or  <return>  to continue without it.


Overfull \hbox (9.15532pt too wide) in paragraph at lines 17--20
\TU/TimesNewRoman(0)/b/n/12 Keywords: \TU/TimesNewRoman(0)/m/n/12 Opinion mining; Topic modeling; Sentiment analysis; Sparse attention; QLoRA
 []


Package fancyhdr Warning: \headheight is too small (12.0pt): 
(fancyhdr)                Make it at least 15.62503pt, for example:
(fancyhdr)                \setlength{\headheight}{15.62503pt}.
(fancyhdr)                You might also make \topmargin smaller:
(fancyhdr)                \addtolength{\topmargin}{-3.62503pt}.

[4]) (./format/graphic.tex

LaTeX Font Warning: Font shape `TU/STHeiti(0)/b/n' undefined
(Font)              using `TU/STHeiti(0)/m/n' instead on input line 2.

No file main.toc.
\tf@toc=\write5
\openout5 = `main.toc'.


Package fancyhdr Warning: \headheight is too small (12.0pt): 
(fancyhdr)                Make it at least 17.85909pt, for example:
(fancyhdr)                \setlength{\headheight}{17.85909pt}.
(fancyhdr)                You might also make \topmargin smaller:
(fancyhdr)                \addtolength{\topmargin}{-5.85909pt}.

[5


] [6

]
No file main.lof.
\tf@lof=\write6
\openout6 = `main.lof'.


Package fancyhdr Warning: \headheight is too small (12.0pt): 
(fancyhdr)                Make it at least 17.85909pt, for example:
(fancyhdr)                \setlength{\headheight}{17.85909pt}.
(fancyhdr)                You might also make \topmargin smaller:
(fancyhdr)                \addtolength{\topmargin}{-5.85909pt}.

[7

] [8

]
No file main.lot.
\tf@lot=\write7
\openout7 = `main.lot'.


Package fancyhdr Warning: \headheight is too small (12.0pt): 
(fancyhdr)                Make it at least 18.51508pt, for example:
(fancyhdr)                \setlength{\headheight}{18.51508pt}.
(fancyhdr)                You might also make \topmargin smaller:
(fancyhdr)                \addtolength{\topmargin}{-6.51508pt}.

[9

] [10

]

Class ctexbook Warning: Command `\CTEXsetup' is deprecated.
(ctexbook)              \ctexset { chapter = { format+={\zihao {3}\heiti } } }
(ctexbook)              is set.


Class ctexbook Warning: Command `\CTEXsetup' is deprecated.
(ctexbook)              \ctexset { section = { format+={\raggedright \zihao
(ctexbook)              {4}\heiti } } } is set.


Class ctexbook Warning: Command `\CTEXsetup' is deprecated.
(ctexbook)              \ctexset { subsection = { format+={\zihao {-4}\heiti }
(ctexbook)              } } is set.

) (./chapters/chapter-1.tex
第一章

Package hyperref Warning: Token not allowed in a PDF string (Unicode):
(hyperref)                \hskip 12.0pt
(hyperref)                replaced by space on input line 1.


Underfull \vbox (badness 1147) has occurred while \output is active []



Package fancyhdr Warning: \headheight is too small (12.0pt): 
(fancyhdr)                Make it at least 15.62503pt, for example:
(fancyhdr)                \setlength{\headheight}{15.62503pt}.
(fancyhdr)                You might also make \topmargin smaller:
(fancyhdr)                \addtolength{\topmargin}{-3.62503pt}.

[1

]

Package fancyhdr Warning: \headheight is too small (12.0pt): 
(fancyhdr)                Make it at least 15.62503pt, for example:
(fancyhdr)                \setlength{\headheight}{15.62503pt}.
(fancyhdr)                You might also make \topmargin smaller:
(fancyhdr)                \addtolength{\topmargin}{-3.62503pt}.

[2]

Package fancyhdr Warning: \headheight is too small (12.0pt): 
(fancyhdr)                Make it at least 15.62503pt, for example:
(fancyhdr)                \setlength{\headheight}{15.62503pt}.
(fancyhdr)                You might also make \topmargin smaller:
(fancyhdr)                \addtolength{\topmargin}{-3.62503pt}.

[3]

LaTeX Warning: Reference `ch1' on page 4 undefined on input line 98.


LaTeX Warning: Reference `ch2' on page 4 undefined on input line 100.


LaTeX Warning: Reference `ch3' on page 4 undefined on input line 102.


LaTeX Warning: Reference `ch4' on page 4 undefined on input line 104.


LaTeX Warning: Reference `ch5' on page 4 undefined on input line 106.


LaTeX Warning: Reference `ch6' on page 4 undefined on input line 108.


Package fancyhdr Warning: \headheight is too small (12.0pt): 
(fancyhdr)                Make it at least 15.62503pt, for example:
(fancyhdr)                \setlength{\headheight}{15.62503pt}.
(fancyhdr)                You might also make \topmargin smaller:
(fancyhdr)                \addtolength{\topmargin}{-3.62503pt}.

[4]

LaTeX Warning: Reference `ch7' on page 5 undefined on input line 110.

)

Package fancyhdr Warning: \headheight is too small (12.0pt): 
(fancyhdr)                Make it at least 15.62503pt, for example:
(fancyhdr)                \setlength{\headheight}{15.62503pt}.
(fancyhdr)                You might also make \topmargin smaller:
(fancyhdr)                \addtolength{\topmargin}{-3.62503pt}.

[5] [6

] (./chapters/chapter-2.tex
第二章

Underfull \vbox (badness 2197) has occurred while \output is active []



Package fancyhdr Warning: \headheight is too small (12.0pt): 
(fancyhdr)                Make it at least 15.62503pt, for example:
(fancyhdr)                \setlength{\headheight}{15.62503pt}.
(fancyhdr)                You might also make \topmargin smaller:
(fancyhdr)                \addtolength{\topmargin}{-3.62503pt}.

[7

]

Package fancyhdr Warning: \headheight is too small (12.0pt): 
(fancyhdr)                Make it at least 15.62503pt, for example:
(fancyhdr)                \setlength{\headheight}{15.62503pt}.
(fancyhdr)                You might also make \topmargin smaller:
(fancyhdr)                \addtolength{\topmargin}{-3.62503pt}.

[8]

Package fancyhdr Warning: \headheight is too small (12.0pt): 
(fancyhdr)                Make it at least 15.62503pt, for example:
(fancyhdr)                \setlength{\headheight}{15.62503pt}.
(fancyhdr)                You might also make \topmargin smaller:
(fancyhdr)                \addtolength{\topmargin}{-3.62503pt}.

[9]

Package fancyhdr Warning: \headheight is too small (12.0pt): 
(fancyhdr)                Make it at least 15.62503pt, for example:
(fancyhdr)                \setlength{\headheight}{15.62503pt}.
(fancyhdr)                You might also make \topmargin smaller:
(fancyhdr)                \addtolength{\topmargin}{-3.62503pt}.

[10]

Package fancyhdr Warning: \headheight is too small (12.0pt): 
(fancyhdr)                Make it at least 15.62503pt, for example:
(fancyhdr)                \setlength{\headheight}{15.62503pt}.
(fancyhdr)                You might also make \topmargin smaller:
(fancyhdr)                \addtolength{\topmargin}{-3.62503pt}.

[11])

Package fancyhdr Warning: \headheight is too small (12.0pt): 
(fancyhdr)                Make it at least 15.62503pt, for example:
(fancyhdr)                \setlength{\headheight}{15.62503pt}.
(fancyhdr)                You might also make \topmargin smaller:
(fancyhdr)                \addtolength{\topmargin}{-3.62503pt}.

[12] (./chapters/chapter-3.tex
第三章

Package fancyhdr Warning: \headheight is too small (12.0pt): 
(fancyhdr)                Make it at least 15.62503pt, for example:
(fancyhdr)                \setlength{\headheight}{15.62503pt}.
(fancyhdr)                You might also make \topmargin smaller:
(fancyhdr)                \addtolength{\topmargin}{-3.62503pt}.

[13


]
LaTeX Font Info:    Font shape `T1/futs/bx/n' in size <12> not available
(Font)              Font shape `T1/futs/b/n' tried instead on input line 51.
LaTeX Font Info:    Font shape `T1/futs/bx/n' in size <9> not available
(Font)              Font shape `T1/futs/b/n' tried instead on input line 51.
LaTeX Font Info:    Font shape `T1/futs/bx/n' in size <7> not available
(Font)              Font shape `T1/futs/b/n' tried instead on input line 51.


Package fancyhdr Warning: \headheight is too small (12.0pt): 
(fancyhdr)                Make it at least 15.62503pt, for example:
(fancyhdr)                \setlength{\headheight}{15.62503pt}.
(fancyhdr)                You might also make \topmargin smaller:
(fancyhdr)                \addtolength{\topmargin}{-3.62503pt}.

[14]
Package hyperref Info: bookmark level for unknown algorithm defaults to 0 on input line 87.

./chapters/chapter-3.tex:90: Missing \endcsname inserted.
<to be read again> 
                   \ALG@currentblock@0 
l.90 \State
            \textbf{Input:} 文档集合$\{d_1, d_2, \ldots, d_M\}$，超参数$\gamma, \alpha$
The control sequence marked <to be read again> should
not appear between \csname and \endcsname.

./chapters/chapter-3.tex:90: Extra \endcsname.
\ALG@makebeginrepeat ...\ALG@thisblock \endcsname 
                                                  \relax \def \ALG@thisblock...
l.90 \State
            \textbf{Input:} 文档集合$\{d_1, d_2, \ldots, d_M\}$，超参数$\gamma, \alpha$
I'm ignoring this, since I wasn't doing a \csname.

./chapters/chapter-3.tex:91: Missing \endcsname inserted.
<to be read again> 
                   \ALG@currentblock@0 
l.91 \State
            \textbf{Output:} 主题分配$\mathbf{z}$，全局主题$\beta$，文档主题分布$\theta$
The control sequence marked <to be read again> should
not appear between \csname and \endcsname.

./chapters/chapter-3.tex:91: Extra \endcsname.
\ALG@makebeginrepeat ...\ALG@thisblock \endcsname 
                                                  \relax \def \ALG@thisblock...
l.91 \State
            \textbf{Output:} 主题分配$\mathbf{z}$，全局主题$\beta$，文档主题分布$\theta$
I'm ignoring this, since I wasn't doing a \csname.

./chapters/chapter-3.tex:95: Missing \endcsname inserted.
<to be read again> 
                   \ALG@currentblock@0 
l.95         \State
                    使用预训练模型编码文档：$\mathbf{X} = \text{Encoder}(d)$
The control sequence marked <to be read again> should
not appear between \csname and \endcsname.

./chapters/chapter-3.tex:95: Extra \endcsname.
\ALG@makebeginrepeat ...\ALG@thisblock \endcsname 
                                                  \relax \def \ALG@thisblock...
l.95         \State
                    使用预训练模型编码文档：$\mathbf{X} = \text{Encoder}(d)$
I'm ignoring this, since I wasn't doing a \csname.

./chapters/chapter-3.tex:96: Missing \endcsname inserted.
<to be read again> 
                   \ALG@currentblock@0 
l.96         \State
                    计算稀疏注意力：$\mathbf{A} = \text{SparseAttn}(\mathbf{X})$
The control sequence marked <to be read again> should
not appear between \csname and \endcsname.

./chapters/chapter-3.tex:96: Extra \endcsname.
\ALG@makebeginrepeat ...\ALG@thisblock \endcsname 
                                                  \relax \def \ALG@thisblock...
l.96         \State
                    计算稀疏注意力：$\mathbf{A} = \text{SparseAttn}(\mathbf{X})$
I'm ignoring this, since I wasn't doing a \csname.

./chapters/chapter-3.tex:97: Missing \endcsname inserted.
<to be read again> 
                   \ALG@currentblock@0 
l.97         \State
                    获得增强表示：$\mathbf{H} = \mathbf{A} \mathbf{X}$
The control sequence marked <to be read again> should
not appear between \csname and \endcsname.

./chapters/chapter-3.tex:97: Extra \endcsname.
\ALG@makebeginrepeat ...\ALG@thisblock \endcsname 
                                                  \relax \def \ALG@thisblock...
l.97         \State
                    获得增强表示：$\mathbf{H} = \mathbf{A} \mathbf{X}$
I'm ignoring this, since I wasn't doing a \csname.

./chapters/chapter-3.tex:99: Missing \endcsname inserted.
<to be read again> 
                   \ALG@currentblock@0 
l.99             \State
                        采样新主题：$z_{d,i} \sim P(z | z_{-{d,i}}, \mathbf{h}_i)$
The control sequence marked <to be read again> should
not appear between \csname and \endcsname.

./chapters/chapter-3.tex:99: Extra \endcsname.
\ALG@makebeginrepeat ...\ALG@thisblock \endcsname 
                                                  \relax \def \ALG@thisblock...
l.99             \State
                        采样新主题：$z_{d,i} \sim P(z | z_{-{d,i}}, \mathbf{h}_i)$
I'm ignoring this, since I wasn't doing a \csname.

./chapters/chapter-3.tex:100: Missing \endcsname inserted.
<to be read again> 
                   \ALG@currentblock@0 
l.100             \State
                         更新主题计数
The control sequence marked <to be read again> should
not appear between \csname and \endcsname.

./chapters/chapter-3.tex:100: Extra \endcsname.
\ALG@makebeginrepeat ...\ALG@thisblock \endcsname 
                                                  \relax \def \ALG@thisblock...
l.100             \State
                         更新主题计数
I'm ignoring this, since I wasn't doing a \csname.

./chapters/chapter-3.tex:101: Missing \endcsname inserted.
<to be read again> 
                   \ALG@currentblock@0 
l.101         \EndFor
                     
The control sequence marked <to be read again> should
not appear between \csname and \endcsname.

./chapters/chapter-3.tex:101: Extra \endcsname.
\ALG@makenobeginrepeat ...LG@thisblock \endcsname 
                                                  \relax \def \ALG@thisblock...
l.101         \EndFor
                     
I'm ignoring this, since I wasn't doing a \csname.

./chapters/chapter-3.tex:101: Missing number, treated as zero.
<to be read again> 
                   \ALG@b@2@EndFor@0 
l.101         \EndFor
                     
A number should have been here; I inserted `0'.
(If you can't figure out why I needed to see a number,
look up `weird error' in the index to The TeXbook.)

./chapters/chapter-3.tex:102: Missing \endcsname inserted.
<to be read again> 
                   \ALG@currentblock@0 
l.102     \EndFor
                 
The control sequence marked <to be read again> should
not appear between \csname and \endcsname.

./chapters/chapter-3.tex:102: Extra \endcsname.
\ALG@makenobeginrepeat ...LG@thisblock \endcsname 
                                                  \relax \def \ALG@thisblock...
l.102     \EndFor
                 
I'm ignoring this, since I wasn't doing a \csname.

./chapters/chapter-3.tex:102: Missing number, treated as zero.
<to be read again> 
                   \ALG@b@2@EndFor@0 
l.102     \EndFor
                 
A number should have been here; I inserted `0'.
(If you can't figure out why I needed to see a number,
look up `weird error' in the index to The TeXbook.)

./chapters/chapter-3.tex:103: Missing \endcsname inserted.
<to be read again> 
                   \ALG@currentblock@0 
l.103     \State
                 采样全局主题参数$\beta$
The control sequence marked <to be read again> should
not appear between \csname and \endcsname.

./chapters/chapter-3.tex:103: Extra \endcsname.
\ALG@makebeginrepeat ...\ALG@thisblock \endcsname 
                                                  \relax \def \ALG@thisblock...
l.103     \State
                 采样全局主题参数$\beta$
I'm ignoring this, since I wasn't doing a \csname.

./chapters/chapter-3.tex:104: Missing \endcsname inserted.
<to be read again> 
                   \ALG@currentblock@0 
l.104     \State
                 检查收敛性
The control sequence marked <to be read again> should
not appear between \csname and \endcsname.

./chapters/chapter-3.tex:104: Extra \endcsname.
\ALG@makebeginrepeat ...\ALG@thisblock \endcsname 
                                                  \relax \def \ALG@thisblock...
l.104     \State
                 检查收敛性
I'm ignoring this, since I wasn't doing a \csname.

./chapters/chapter-3.tex:105: Missing \endcsname inserted.
<to be read again> 
                   \ALG@currentblock@0 
l.105 \EndFor
             
The control sequence marked <to be read again> should
not appear between \csname and \endcsname.

./chapters/chapter-3.tex:105: Extra \endcsname.
\ALG@makenobeginrepeat ...LG@thisblock \endcsname 
                                                  \relax \def \ALG@thisblock...
l.105 \EndFor
             
I'm ignoring this, since I wasn't doing a \csname.

./chapters/chapter-3.tex:105: Missing number, treated as zero.
<to be read again> 
                   \ALG@b@2@EndFor@0 
l.105 \EndFor
             
A number should have been here; I inserted `0'.
(If you can't figure out why I needed to see a number,
look up `weird error' in the index to The TeXbook.)

./chapters/chapter-3.tex:106: Missing number, treated as zero.
<to be read again> 
                   \ALG@currentblock@0 
l.106 \end{algorithmic}
                       
A number should have been here; I inserted `0'.
(If you can't figure out why I needed to see a number,
look up `weird error' in the index to The TeXbook.)

./chapters/chapter-3.tex:106: Missing = inserted for \ifnum.
<to be read again> 
                   \ALG@currentblock@0 
l.106 \end{algorithmic}
                       
I was expecting to see `<', `=', or `>'. Didn't.

./chapters/chapter-3.tex:106: Missing number, treated as zero.
<to be read again> 
                   \ALG@currentblock@0 
l.106 \end{algorithmic}
                       
A number should have been here; I inserted `0'.
(If you can't figure out why I needed to see a number,
look up `weird error' in the index to The TeXbook.)


Package fancyhdr Warning: \headheight is too small (12.0pt): 
(fancyhdr)                Make it at least 15.62503pt, for example:
(fancyhdr)                \setlength{\headheight}{15.62503pt}.
(fancyhdr)                You might also make \topmargin smaller:
(fancyhdr)                \addtolength{\topmargin}{-3.62503pt}.

[15]

Package fancyhdr Warning: \headheight is too small (12.0pt): 
(fancyhdr)                Make it at least 15.62503pt, for example:
(fancyhdr)                \setlength{\headheight}{15.62503pt}.
(fancyhdr)                You might also make \topmargin smaller:
(fancyhdr)                \addtolength{\topmargin}{-3.62503pt}.

[16]

LaTeX Warning: Reference `alg:joint-model' on page 17 undefined on input line 201.

./chapters/chapter-3.tex:207: Missing \endcsname inserted.
<to be read again> 
                   \ALG@currentblock@0 
l.207 \State
             \textbf{Input:} 文本集合$\{\text{doc}_1, \ldots, \text{doc}_M\}$
The control sequence marked <to be read again> should
not appear between \csname and \endcsname.

./chapters/chapter-3.tex:207: Extra \endcsname.
\ALG@makebeginrepeat ...\ALG@thisblock \endcsname 
                                                  \relax \def \ALG@thisblock...
l.207 \State
             \textbf{Input:} 文本集合$\{\text{doc}_1, \ldots, \text{doc}_M\}$
I'm ignoring this, since I wasn't doing a \csname.

./chapters/chapter-3.tex:208: Missing \endcsname inserted.
<to be read again> 
                   \ALG@currentblock@0 
l.208 \State
             \textbf{Output:} 主题、情感、联合分析结果
The control sequence marked <to be read again> should
not appear between \csname and \endcsname.

./chapters/chapter-3.tex:208: Extra \endcsname.
\ALG@makebeginrepeat ...\ALG@thisblock \endcsname 
                                                  \relax \def \ALG@thisblock...
l.208 \State
             \textbf{Output:} 主题、情感、联合分析结果
I'm ignoring this, since I wasn't doing a \csname.

./chapters/chapter-3.tex:210: Missing \endcsname inserted.
<to be read again> 
                   \ALG@currentblock@0 
l.210 \State
             \textbf{主题抽取阶段}
The control sequence marked <to be read again> should
not appear between \csname and \endcsname.

./chapters/chapter-3.tex:210: Extra \endcsname.
\ALG@makebeginrepeat ...\ALG@thisblock \endcsname 
                                                  \relax \def \ALG@thisblock...
l.210 \State
             \textbf{主题抽取阶段}
I'm ignoring this, since I wasn't doing a \csname.

./chapters/chapter-3.tex:212: Missing \endcsname inserted.
<to be read again> 
                   \ALG@currentblock@0 
l.212     \State
                 $\mathbf{X}_d \leftarrow \text{Encoder}(\text{doc}_d)$ \Com...
The control sequence marked <to be read again> should
not appear between \csname and \endcsname.

./chapters/chapter-3.tex:212: Extra \endcsname.
\ALG@makebeginrepeat ...\ALG@thisblock \endcsname 
                                                  \relax \def \ALG@thisblock...
l.212     \State
                 $\mathbf{X}_d \leftarrow \text{Encoder}(\text{doc}_d)$ \Com...
I'm ignoring this, since I wasn't doing a \csname.

./chapters/chapter-3.tex:213: Missing \endcsname inserted.
<to be read again> 
                   \ALG@currentblock@0 
l.213     \State
                 $\mathbf{A}_d \leftarrow \text{SparseAttn}(\mathbf{X}_d)$ \...
The control sequence marked <to be read again> should
not appear between \csname and \endcsname.

./chapters/chapter-3.tex:213: Extra \endcsname.
\ALG@makebeginrepeat ...\ALG@thisblock \endcsname 
                                                  \relax \def \ALG@thisblock...
l.213     \State
                 $\mathbf{A}_d \leftarrow \text{SparseAttn}(\mathbf{X}_d)$ \...
I'm ignoring this, since I wasn't doing a \csname.

./chapters/chapter-3.tex:214: Missing \endcsname inserted.
<to be read again> 
                   \ALG@currentblock@0 
l.214     \State
                 $\theta_d \leftarrow \text{HDP}(\mathbf{A}_d \mathbf{X}_d)$...
The control sequence marked <to be read again> should
not appear between \csname and \endcsname.

./chapters/chapter-3.tex:214: Extra \endcsname.
\ALG@makebeginrepeat ...\ALG@thisblock \endcsname 
                                                  \relax \def \ALG@thisblock...
l.214     \State
                 $\theta_d \leftarrow \text{HDP}(\mathbf{A}_d \mathbf{X}_d)$...
I'm ignoring this, since I wasn't doing a \csname.

./chapters/chapter-3.tex:215: Missing \endcsname inserted.
<to be read again> 
                   \ALG@currentblock@0 
l.215 \EndFor
             
The control sequence marked <to be read again> should
not appear between \csname and \endcsname.

./chapters/chapter-3.tex:215: Extra \endcsname.
\ALG@makenobeginrepeat ...LG@thisblock \endcsname 
                                                  \relax \def \ALG@thisblock...
l.215 \EndFor
             
I'm ignoring this, since I wasn't doing a \csname.

./chapters/chapter-3.tex:215: Missing number, treated as zero.
<to be read again> 
                   \ALG@b@2@EndFor@0 
l.215 \EndFor
             
A number should have been here; I inserted `0'.
(If you can't figure out why I needed to see a number,
look up `weird error' in the index to The TeXbook.)

./chapters/chapter-3.tex:217: Missing \endcsname inserted.
<to be read again> 
                   \ALG@currentblock@0 
l.217 \State
             \textbf{情感分析阶段}
The control sequence marked <to be read again> should
not appear between \csname and \endcsname.

./chapters/chapter-3.tex:217: Extra \endcsname.
\ALG@makebeginrepeat ...\ALG@thisblock \endcsname 
                                                  \relax \def \ALG@thisblock...
l.217 \State
             \textbf{情感分析阶段}
I'm ignoring this, since I wasn't doing a \csname.

./chapters/chapter-3.tex:219: Missing \endcsname inserted.
<to be read again> 
                   \ALG@currentblock@0 
l.219     \State
                 $\phi_d \leftarrow \text{QLoRA\_Classifier}(\text{doc}_d)$ ...
The control sequence marked <to be read again> should
not appear between \csname and \endcsname.

./chapters/chapter-3.tex:219: Extra \endcsname.
\ALG@makebeginrepeat ...\ALG@thisblock \endcsname 
                                                  \relax \def \ALG@thisblock...
l.219     \State
                 $\phi_d \leftarrow \text{QLoRA\_Classifier}(\text{doc}_d)$ ...
I'm ignoring this, since I wasn't doing a \csname.

./chapters/chapter-3.tex:220: Missing \endcsname inserted.
<to be read again> 
                   \ALG@currentblock@0 
l.220 \EndFor
             
The control sequence marked <to be read again> should
not appear between \csname and \endcsname.

./chapters/chapter-3.tex:220: Extra \endcsname.
\ALG@makenobeginrepeat ...LG@thisblock \endcsname 
                                                  \relax \def \ALG@thisblock...
l.220 \EndFor
             
I'm ignoring this, since I wasn't doing a \csname.

./chapters/chapter-3.tex:220: Missing number, treated as zero.
<to be read again> 
                   \ALG@b@2@EndFor@0 
l.220 \EndFor
             
A number should have been here; I inserted `0'.
(If you can't figure out why I needed to see a number,
look up `weird error' in the index to The TeXbook.)

./chapters/chapter-3.tex:222: Missing \endcsname inserted.
<to be read again> 
                   \ALG@currentblock@0 
l.222 \State
             \textbf{融合阶段}
The control sequence marked <to be read again> should
not appear between \csname and \endcsname.

./chapters/chapter-3.tex:222: Extra \endcsname.
\ALG@makebeginrepeat ...\ALG@thisblock \endcsname 
                                                  \relax \def \ALG@thisblock...
l.222 \State
             \textbf{融合阶段}
I'm ignoring this, since I wasn't doing a \csname.

./chapters/chapter-3.tex:224: Missing \endcsname inserted.
<to be read again> 
                   \ALG@currentblock@0 
l.224     \State
                 $\mathbf{r}_d \leftarrow \text{Fusion}(\theta_d, \phi_d)$ \...
The control sequence marked <to be read again> should
not appear between \csname and \endcsname.

./chapters/chapter-3.tex:224: Extra \endcsname.
\ALG@makebeginrepeat ...\ALG@thisblock \endcsname 
                                                  \relax \def \ALG@thisblock...
l.224     \State
                 $\mathbf{r}_d \leftarrow \text{Fusion}(\theta_d, \phi_d)$ \...
I'm ignoring this, since I wasn't doing a \csname.

./chapters/chapter-3.tex:225: Missing \endcsname inserted.
<to be read again> 
                   \ALG@currentblock@0 
l.225     \State
                 更新主题-情感矩阵$\mathbf{M}$
The control sequence marked <to be read again> should
not appear between \csname and \endcsname.

./chapters/chapter-3.tex:225: Extra \endcsname.
\ALG@makebeginrepeat ...\ALG@thisblock \endcsname 
                                                  \relax \def \ALG@thisblock...
l.225     \State
                 更新主题-情感矩阵$\mathbf{M}$
I'm ignoring this, since I wasn't doing a \csname.

./chapters/chapter-3.tex:226: Missing \endcsname inserted.
<to be read again> 
                   \ALG@currentblock@0 
l.226 \EndFor
             
The control sequence marked <to be read again> should
not appear between \csname and \endcsname.

./chapters/chapter-3.tex:226: Extra \endcsname.
\ALG@makenobeginrepeat ...LG@thisblock \endcsname 
                                                  \relax \def \ALG@thisblock...
l.226 \EndFor
             
I'm ignoring this, since I wasn't doing a \csname.

./chapters/chapter-3.tex:226: Missing number, treated as zero.
<to be read again> 
                   \ALG@b@2@EndFor@0 
l.226 \EndFor
             
A number should have been here; I inserted `0'.
(If you can't figure out why I needed to see a number,
look up `weird error' in the index to The TeXbook.)

./chapters/chapter-3.tex:228: Missing \endcsname inserted.
<to be read again> 
                   \ALG@currentblock@0 
l.228 \State
             \textbf{return} $\{(\theta_d, \phi_d, \mathbf{r}_d)\}_{d=1}^M$,...
The control sequence marked <to be read again> should
not appear between \csname and \endcsname.

./chapters/chapter-3.tex:228: Extra \endcsname.
\ALG@makebeginrepeat ...\ALG@thisblock \endcsname 
                                                  \relax \def \ALG@thisblock...
l.228 \State
             \textbf{return} $\{(\theta_d, \phi_d, \mathbf{r}_d)\}_{d=1}^M$,...
I'm ignoring this, since I wasn't doing a \csname.

./chapters/chapter-3.tex:229: Missing number, treated as zero.
<to be read again> 
                   \ALG@currentblock@0 
l.229 \end{algorithmic}
                       
A number should have been here; I inserted `0'.
(If you can't figure out why I needed to see a number,
look up `weird error' in the index to The TeXbook.)

./chapters/chapter-3.tex:229: Missing = inserted for \ifnum.
<to be read again> 
                   \ALG@currentblock@0 
l.229 \end{algorithmic}
                       
I was expecting to see `<', `=', or `>'. Didn't.

./chapters/chapter-3.tex:229: Missing number, treated as zero.
<to be read again> 
                   \ALG@currentblock@0 
l.229 \end{algorithmic}
                       
A number should have been here; I inserted `0'.
(If you can't figure out why I needed to see a number,
look up `weird error' in the index to The TeXbook.)

)

Package fancyhdr Warning: \headheight is too small (12.0pt): 
(fancyhdr)                Make it at least 15.62503pt, for example:
(fancyhdr)                \setlength{\headheight}{15.62503pt}.
(fancyhdr)                You might also make \topmargin smaller:
(fancyhdr)                \addtolength{\topmargin}{-3.62503pt}.

[17]

Package fancyhdr Warning: \headheight is too small (12.0pt): 
(fancyhdr)                Make it at least 15.62503pt, for example:
(fancyhdr)                \setlength{\headheight}{15.62503pt}.
(fancyhdr)                You might also make \topmargin smaller:
(fancyhdr)                \addtolength{\topmargin}{-3.62503pt}.

[18] (./chapters/chapter-4.tex
第四章

Package fancyhdr Warning: \headheight is too small (12.0pt): 
(fancyhdr)                Make it at least 15.62503pt, for example:
(fancyhdr)                \setlength{\headheight}{15.62503pt}.
(fancyhdr)                You might also make \topmargin smaller:
(fancyhdr)                \addtolength{\topmargin}{-3.62503pt}.

[19


]

Package fancyhdr Warning: \headheight is too small (12.0pt): 
(fancyhdr)                Make it at least 15.62503pt, for example:
(fancyhdr)                \setlength{\headheight}{15.62503pt}.
(fancyhdr)                You might also make \topmargin smaller:
(fancyhdr)                \addtolength{\topmargin}{-3.62503pt}.

[20]

Package fancyhdr Warning: \headheight is too small (12.0pt): 
(fancyhdr)                Make it at least 15.62503pt, for example:
(fancyhdr)                \setlength{\headheight}{15.62503pt}.
(fancyhdr)                You might also make \topmargin smaller:
(fancyhdr)                \addtolength{\topmargin}{-3.62503pt}.

[21]

Package fancyhdr Warning: \headheight is too small (12.0pt): 
(fancyhdr)                Make it at least 15.62503pt, for example:
(fancyhdr)                \setlength{\headheight}{15.62503pt}.
(fancyhdr)                You might also make \topmargin smaller:
(fancyhdr)                \addtolength{\topmargin}{-3.62503pt}.

[22]

Package fancyhdr Warning: \headheight is too small (12.0pt): 
(fancyhdr)                Make it at least 15.62503pt, for example:
(fancyhdr)                \setlength{\headheight}{15.62503pt}.
(fancyhdr)                You might also make \topmargin smaller:
(fancyhdr)                \addtolength{\topmargin}{-3.62503pt}.

[23])

Package fancyhdr Warning: \headheight is too small (12.0pt): 
(fancyhdr)                Make it at least 15.62503pt, for example:
(fancyhdr)                \setlength{\headheight}{15.62503pt}.
(fancyhdr)                You might also make \topmargin smaller:
(fancyhdr)                \addtolength{\topmargin}{-3.62503pt}.

[24] (./chapters/chapter-5.tex
第五章

Package fontspec Info: 
(fontspec)             Script 'CJK' not explicitly supported within font
(fontspec)             'STFangsong'. Check the typeset output, and if it is
(fontspec)             okay then ignore this warning. Otherwise a different
(fontspec)             font should be chosen.


Package fontspec Info: 
(fontspec)             Could not resolve font "STFangsong/BI" (it probably
(fontspec)             doesn't exist).


Package fontspec Info: 
(fontspec)             Could not resolve font "STFangsong/B" (it probably
(fontspec)             doesn't exist).


Package fontspec Info: 
(fontspec)             Could not resolve font "STFangsong/I" (it probably
(fontspec)             doesn't exist).

LaTeX Font Info:    Trying to load font information for TU+pcr on input line 20.
LaTeX Font Info:    No file TUpcr.fd. on input line 20.

LaTeX Font Warning: Font shape `TU/pcr/m/n' undefined
(Font)              using `TU/lmr/m/n' instead on input line 20.


Package fontspec Info: 
(fontspec)             Font family 'STFangsong(0)' created for font
(fontspec)             'STFangsong' with options [Script={CJK}].
(fontspec)              
(fontspec)              This font family consists of the following NFSS
(fontspec)             series/shapes:
(fontspec)              
(fontspec)             - 'normal' (m/n) with NFSS spec.:
(fontspec)             <->"STFangsong/OT:script=hani;language=dflt;"


Package fancyhdr Warning: \headheight is too small (12.0pt): 
(fancyhdr)                Make it at least 15.62503pt, for example:
(fancyhdr)                \setlength{\headheight}{15.62503pt}.
(fancyhdr)                You might also make \topmargin smaller:
(fancyhdr)                \addtolength{\topmargin}{-3.62503pt}.

[25


]

Package fancyhdr Warning: \headheight is too small (12.0pt): 
(fancyhdr)                Make it at least 15.62503pt, for example:
(fancyhdr)                \setlength{\headheight}{15.62503pt}.
(fancyhdr)                You might also make \topmargin smaller:
(fancyhdr)                \addtolength{\topmargin}{-3.62503pt}.

[26]

Package fancyhdr Warning: \headheight is too small (12.0pt): 
(fancyhdr)                Make it at least 15.62503pt, for example:
(fancyhdr)                \setlength{\headheight}{15.62503pt}.
(fancyhdr)                You might also make \topmargin smaller:
(fancyhdr)                \addtolength{\topmargin}{-3.62503pt}.

[27]

Package fancyhdr Warning: \headheight is too small (12.0pt): 
(fancyhdr)                Make it at least 15.62503pt, for example:
(fancyhdr)                \setlength{\headheight}{15.62503pt}.
(fancyhdr)                You might also make \topmargin smaller:
(fancyhdr)                \addtolength{\topmargin}{-3.62503pt}.

[28]
Underfull \vbox (badness 2050) has occurred while \output is active []



Package fancyhdr Warning: \headheight is too small (12.0pt): 
(fancyhdr)                Make it at least 15.62503pt, for example:
(fancyhdr)                \setlength{\headheight}{15.62503pt}.
(fancyhdr)                You might also make \topmargin smaller:
(fancyhdr)                \addtolength{\topmargin}{-3.62503pt}.

[29]

Package fancyhdr Warning: \headheight is too small (12.0pt): 
(fancyhdr)                Make it at least 15.62503pt, for example:
(fancyhdr)                \setlength{\headheight}{15.62503pt}.
(fancyhdr)                You might also make \topmargin smaller:
(fancyhdr)                \addtolength{\topmargin}{-3.62503pt}.

[30]
Underfull \vbox (badness 10000) has occurred while \output is active []



Package fancyhdr Warning: \headheight is too small (12.0pt): 
(fancyhdr)                Make it at least 15.62503pt, for example:
(fancyhdr)                \setlength{\headheight}{15.62503pt}.
(fancyhdr)                You might also make \topmargin smaller:
(fancyhdr)                \addtolength{\topmargin}{-3.62503pt}.

[31]
Underfull \vbox (badness 2050) has occurred while \output is active []



Package fancyhdr Warning: \headheight is too small (12.0pt): 
(fancyhdr)                Make it at least 15.62503pt, for example:
(fancyhdr)                \setlength{\headheight}{15.62503pt}.
(fancyhdr)                You might also make \topmargin smaller:
(fancyhdr)                \addtolength{\topmargin}{-3.62503pt}.

[32]
Underfull \vbox (badness 10000) has occurred while \output is active []



Package fancyhdr Warning: \headheight is too small (12.0pt): 
(fancyhdr)                Make it at least 15.62503pt, for example:
(fancyhdr)                \setlength{\headheight}{15.62503pt}.
(fancyhdr)                You might also make \topmargin smaller:
(fancyhdr)                \addtolength{\topmargin}{-3.62503pt}.

[33]

Package fancyhdr Warning: \headheight is too small (12.0pt): 
(fancyhdr)                Make it at least 15.62503pt, for example:
(fancyhdr)                \setlength{\headheight}{15.62503pt}.
(fancyhdr)                You might also make \topmargin smaller:
(fancyhdr)                \addtolength{\topmargin}{-3.62503pt}.

[34]
Underfull \vbox (badness 2050) has occurred while \output is active []



Package fancyhdr Warning: \headheight is too small (12.0pt): 
(fancyhdr)                Make it at least 15.62503pt, for example:
(fancyhdr)                \setlength{\headheight}{15.62503pt}.
(fancyhdr)                You might also make \topmargin smaller:
(fancyhdr)                \addtolength{\topmargin}{-3.62503pt}.

[35])

Package fancyhdr Warning: \headheight is too small (12.0pt): 
(fancyhdr)                Make it at least 15.62503pt, for example:
(fancyhdr)                \setlength{\headheight}{15.62503pt}.
(fancyhdr)                You might also make \topmargin smaller:
(fancyhdr)                \addtolength{\topmargin}{-3.62503pt}.

[36] (./chapters/chapter-6.tex
第六章

LaTeX Warning: Reference `table:preprocessed' on page 37 undefined on input line 35.


Package fancyhdr Warning: \headheight is too small (12.0pt): 
(fancyhdr)                Make it at least 15.62503pt, for example:
(fancyhdr)                \setlength{\headheight}{15.62503pt}.
(fancyhdr)                You might also make \topmargin smaller:
(fancyhdr)                \addtolength{\topmargin}{-3.62503pt}.

[37


]
./chapters/chapter-6.tex:91: Too many }'s.
<recently read> }
                 
l.91 \textbf{精确率（Precision）}和召回率（Recall）}
                                         ：
You've closed more groups than you opened.
Such booboos are generally harmless, so keep going.


Package fancyhdr Warning: \headheight is too small (12.0pt): 
(fancyhdr)                Make it at least 15.62503pt, for example:
(fancyhdr)                \setlength{\headheight}{15.62503pt}.
(fancyhdr)                You might also make \topmargin smaller:
(fancyhdr)                \addtolength{\topmargin}{-3.62503pt}.

[38]

Package fancyhdr Warning: \headheight is too small (12.0pt): 
(fancyhdr)                Make it at least 15.62503pt, for example:
(fancyhdr)                \setlength{\headheight}{15.62503pt}.
(fancyhdr)                You might also make \topmargin smaller:
(fancyhdr)                \addtolength{\topmargin}{-3.62503pt}.

[39]

LaTeX Warning: Reference `table:topic_results' on page 40 undefined on input line 189.


LaTeX Warning: Reference `table:sentiment_results' on page 40 undefined on input line 209.


Package fancyhdr Warning: \headheight is too small (12.0pt): 
(fancyhdr)                Make it at least 15.62503pt, for example:
(fancyhdr)                \setlength{\headheight}{15.62503pt}.
(fancyhdr)                You might also make \topmargin smaller:
(fancyhdr)                \addtolength{\topmargin}{-3.62503pt}.

[40]

LaTeX Warning: File `chapters/fig-0/topic-sentiment-heatmap.png' not found on input line 234.

./chapters/chapter-6.tex:234: Unable to load picture or PDF file 'chapters/fig-0/topic-sentiment-heatmap.png'.
<to be read again> 
                   }
l.234 ...apters/fig-0/topic-sentiment-heatmap.png}
                                                  
The requested image couldn't be read because
it was not a recognized image format.


./chapters/chapter-6.tex:234: Package graphics Error: Division by 0.

See the graphics package documentation for explanation.
Type  H <return>  for immediate help.
 ...                                              
                                                  
l.234 ...apters/fig-0/topic-sentiment-heatmap.png}
                                                  
Your command was ignored.
Type  I <command> <return>  to replace it with another command,
or  <return>  to continue without it.

File: chapters/fig-0/topic-sentiment-heatmap.png Graphic file (type bmp)
<chapters/fig-0/topic-sentiment-heatmap.png>

LaTeX Warning: Reference `table:scalability' on page 41 undefined on input line 265.


Package fancyhdr Warning: \headheight is too small (12.0pt): 
(fancyhdr)                Make it at least 15.62503pt, for example:
(fancyhdr)                \setlength{\headheight}{15.62503pt}.
(fancyhdr)                You might also make \topmargin smaller:
(fancyhdr)                \addtolength{\topmargin}{-3.62503pt}.

[41]

LaTeX Warning: Reference `ch7' on page 42 undefined on input line 293.

)

Package fancyhdr Warning: \headheight is too small (12.0pt): 
(fancyhdr)                Make it at least 15.62503pt, for example:
(fancyhdr)                \setlength{\headheight}{15.62503pt}.
(fancyhdr)                You might also make \topmargin smaller:
(fancyhdr)                \addtolength{\topmargin}{-3.62503pt}.

[42] (./chapters/chapter-7.tex
第七章

Package fancyhdr Warning: \headheight is too small (12.0pt): 
(fancyhdr)                Make it at least 15.62503pt, for example:
(fancyhdr)                \setlength{\headheight}{15.62503pt}.
(fancyhdr)                You might also make \topmargin smaller:
(fancyhdr)                \addtolength{\topmargin}{-3.62503pt}.

[43


]

Package fancyhdr Warning: \headheight is too small (12.0pt): 
(fancyhdr)                Make it at least 15.62503pt, for example:
(fancyhdr)                \setlength{\headheight}{15.62503pt}.
(fancyhdr)                You might also make \topmargin smaller:
(fancyhdr)                \addtolength{\topmargin}{-3.62503pt}.

[44]

Package fancyhdr Warning: \headheight is too small (12.0pt): 
(fancyhdr)                Make it at least 15.62503pt, for example:
(fancyhdr)                \setlength{\headheight}{15.62503pt}.
(fancyhdr)                You might also make \topmargin smaller:
(fancyhdr)                \addtolength{\topmargin}{-3.62503pt}.

[45]

Package fancyhdr Warning: \headheight is too small (12.0pt): 
(fancyhdr)                Make it at least 15.62503pt, for example:
(fancyhdr)                \setlength{\headheight}{15.62503pt}.
(fancyhdr)                You might also make \topmargin smaller:
(fancyhdr)                \addtolength{\topmargin}{-3.62503pt}.

[46]) (./references/paper-manual.bib)

LaTeX Warning: Empty `thebibliography' environment on input line 115.


Package fancyhdr Warning: \headheight is too small (12.0pt): 
(fancyhdr)                Make it at least 15.62503pt, for example:
(fancyhdr)                \setlength{\headheight}{15.62503pt}.
(fancyhdr)                You might also make \topmargin smaller:
(fancyhdr)                \addtolength{\topmargin}{-3.62503pt}.

[47


] [48

] (./chapters/appendix.tex
./chapters/appendix.tex:87: Missing \endcsname inserted.
<to be read again> 
                   \ALG@currentblock@0 
l.87 \Function
              {GenerateSparseMask}{seq\_len, window\_size, num\_global}
The control sequence marked <to be read again> should
not appear between \csname and \endcsname.

./chapters/appendix.tex:87: Extra \endcsname.
\ALG@makebeginrepeat ...\ALG@thisblock \endcsname 
                                                  \relax \def \ALG@thisblock...
l.87 \Function
              {GenerateSparseMask}{seq\_len, window\_size, num\_global}
I'm ignoring this, since I wasn't doing a \csname.


LaTeX Font Warning: Font shape `TU/TimesNewRoman(0)/m/sc' undefined
(Font)              using `TU/TimesNewRoman(0)/m/n' instead on input line 87.

./chapters/appendix.tex:95: Missing number, treated as zero.
<to be read again> 
                   \ALG@b@2@EndFor@0 
l.95     \EndFor
                
A number should have been here; I inserted `0'.
(If you can't figure out why I needed to see a number,
look up `weird error' in the index to The TeXbook.)

./chapters/appendix.tex:101: Missing number, treated as zero.
<to be read again> 
                   \ALG@b@2@EndFor@0 
l.101     \EndFor
                 
A number should have been here; I inserted `0'.
(If you can't figure out why I needed to see a number,
look up `weird error' in the index to The TeXbook.)

./chapters/appendix.tex:105: Missing number, treated as zero.
<to be read again> 
                   \ALG@currentblock@0 
l.105 \end{algorithmic}
                       
A number should have been here; I inserted `0'.
(If you can't figure out why I needed to see a number,
look up `weird error' in the index to The TeXbook.)

./chapters/appendix.tex:105: Missing = inserted for \ifnum.
<to be read again> 
                   \ALG@currentblock@0 
l.105 \end{algorithmic}
                       
I was expecting to see `<', `=', or `>'. Didn't.

./chapters/appendix.tex:105: Missing number, treated as zero.
<to be read again> 
                   \ALG@currentblock@0 
l.105 \end{algorithmic}
                       
A number should have been here; I inserted `0'.
(If you can't figure out why I needed to see a number,
look up `weird error' in the index to The TeXbook.)


Package fancyhdr Warning: \headheight is too small (12.0pt): 
(fancyhdr)                Make it at least 15.62503pt, for example:
(fancyhdr)                \setlength{\headheight}{15.62503pt}.
(fancyhdr)                You might also make \topmargin smaller:
(fancyhdr)                \addtolength{\topmargin}{-3.62503pt}.

[49

]
Underfull \vbox (badness 2310) has occurred while \output is active []



Package fancyhdr Warning: \headheight is too small (12.0pt): 
(fancyhdr)                Make it at least 15.62503pt, for example:
(fancyhdr)                \setlength{\headheight}{15.62503pt}.
(fancyhdr)                You might also make \topmargin smaller:
(fancyhdr)                \addtolength{\topmargin}{-3.62503pt}.

[50])

Package fancyhdr Warning: \headheight is too small (12.0pt): 
(fancyhdr)                Make it at least 15.62503pt, for example:
(fancyhdr)                \setlength{\headheight}{15.62503pt}.
(fancyhdr)                You might also make \topmargin smaller:
(fancyhdr)                \addtolength{\topmargin}{-3.62503pt}.

[51] [52

] (./acknowledgement/acknowledgement.tex)

Package fancyhdr Warning: \headheight is too small (12.0pt): 
(fancyhdr)                Make it at least 15.62503pt, for example:
(fancyhdr)                \setlength{\headheight}{15.62503pt}.
(fancyhdr)                You might also make \topmargin smaller:
(fancyhdr)                \addtolength{\topmargin}{-3.62503pt}.

[53

] [54

] (./achievements/achievements.tex

Package fontspec Info: 
(fontspec)             Script 'CJK' not explicitly supported within font
(fontspec)             'STSong'. Check the typeset output, and if it is okay
(fontspec)             then ignore this warning. Otherwise a different font
(fontspec)             should be chosen.


Package fontspec Info: 
(fontspec)             Could not resolve font "STSong/BI" (it probably doesn't
(fontspec)             exist).


Package fontspec Info: 
(fontspec)             Could not resolve font "STSong/B" (it probably doesn't
(fontspec)             exist).


Package fontspec Info: 
(fontspec)             Could not resolve font "STSong/I" (it probably doesn't
(fontspec)             exist).


Package fontspec Info: 
(fontspec)             Font family 'STSong(1)' created for font 'STSong' with
(fontspec)             options [Script={CJK}].
(fontspec)              
(fontspec)              This font family consists of the following NFSS
(fontspec)             series/shapes:
(fontspec)              
(fontspec)             - 'normal' (m/n) with NFSS spec.:
(fontspec)             <->"STSong/OT:script=hani;language=dflt;"



LaTeX Font Warning: Font shape `TU/STSong(1)/b/n' undefined
(Font)              using `TU/STSong(1)/m/n' instead on input line 1.

)

Package fancyhdr Warning: \headheight is too small (12.0pt): 
(fancyhdr)                Make it at least 15.62503pt, for example:
(fancyhdr)                \setlength{\headheight}{15.62503pt}.
(fancyhdr)                You might also make \topmargin smaller:
(fancyhdr)                \addtolength{\topmargin}{-3.62503pt}.

[55

] [56

]
No file main.ind.
(build/main.aux)
 ***********
LaTeX2e <2026-06-01>
L3 programming layer <2022/07/14>
 ***********


LaTeX Font Warning: Size substitutions with differences
(Font)              up to 0.47188pt have occurred.


LaTeX Font Warning: Some font shapes were not available, defaults substituted.


LaTeX Warning: There were undefined references.


LaTeX Warning: Label(s) may have changed. Rerun to get cross-references right.


Package rerunfilecheck Warning: File `main.out' has changed.
(rerunfilecheck)                Rerun to get outlines right
(rerunfilecheck)                or use package `bookmark'.

Package rerunfilecheck Info: Checksums for `main.out':
(rerunfilecheck)             Before: <no file>
(rerunfilecheck)             After:  ABDA071E244602E1FD41DF8376919EB6;14961.
 ) 
Here is how much of TeX's memory you used:
 22449 strings out of 467813
 473058 string characters out of 5423446
 875866 words of memory out of 5000000
 51010 multiletter control sequences out of 15000+600000
 740026 words of font info for 273 fonts, out of 8000000 for 9000
 1348 hyphenation exceptions out of 8191
 93i,13n,114p,1227b,709s stack positions out of 10000i,1000n,20000p,200000b,200000s

Output written on build/main.xdv (74 pages, 445060 bytes).
